{"type": "FeatureCollection", "features": [{"type": "Feature", "properties": {"DisplayName": "Lot 5 - N", "Facility": "Lot 5 - N", "LotNumber": "D11", "LotName": "Lot 5", "LotOwner": "", "LotType": "public off-street", "Type": "Public - Off Street", "Sector": "D", "Quadrant": "D", "StudyRing": "Mid", "Capacity": 39, "CurrentPar": 39, "Notes": "", "STREETNAME": "JOHNSON"}, "geometry": {"type": "Polygon", "coordinates": [[[-96.61352499999998, 33.19668400000006], [-96.61352399999998, 33.196856000000025], [-96.61415799999997, 33.19686800000005], [-96.61415699999998, 33.196695000000034], [-96.61352499999998, 33.19668400000006]]]}}, {"type": "Feature", "properties": {"DisplayName": "Lot 6", "Facility": "Lot 6", "LotNumber": "D06", "LotName": "Lot 6", "LotOwner": "", "LotType": "public off-street", "Type": "Public - Off Street", "Sector": "D", "Quadrant": "D", "StudyRing": "Outer", "Capacity": 31, "CurrentPar": 32, "Notes": "Tree Occlusion", "STREETNAME": "CLOYD"}, "geometry": {"type": "Polygon", "coordinates": [[[-96.61257799999998, 33.19662100000005], [-96.61257899999998, 33.19689800000003], [-96.61299399999996, 33.19689600000004], [-96.61299199999996, 33.196619000000055], [-96.61257799999998, 33.19662100000005]]]}}, {"type": "Feature", "properties": {"DisplayName": "Lot 4", "Facility": "Lot 4", "LotNumber": "C26", "LotName": "Lot 4", "LotOwner": "", "LotType": "public off-street", "Type": "Public - Off Street", "Sector": "C", "Quadrant": "C", "StudyRing": "Mid", "Capacity": 105, "CurrentPar": 112, "Notes": "Southern Spots - 3 Deep Shadows", "STREETNAME": "CLOYD"}, "geometry": {"type": "Polygon", "coordinates": [[[-96.61659399999996, 33.19608800000003], [-96.61659499999996, 33.196001000000024], [-96.61658199999994, 33.196001000000024], [-96.61632999999995, 33.19600400000007], [-96.61632699999996, 33.19624600000003], [-96.61632599999996, 33.19632800000005], [-96.61593699999997, 33.19632500000006], [-96.61593699999997, 33.196330000000046], [-96.61593199999999, 33.19672500000007], [-96.61657599999995, 33.19673100000006], [-96.61658899999998, 33.19673100000006], [-96.61659399999996, 33.19608800000003]]]}}, {"type": "Feature", "properties": {"DisplayName": "City Lot #2", "Facility": "City Lot #2", "LotNumber": "A52", "LotName": "City Lot #2", "LotOwner": "City of McKinney", "LotType": "public off-street", "Type": "Public - Off Street", "Sector": "A", "Quadrant": "A", "StudyRing": "Mid", "Capacity": 75, "CurrentPar": 75, "Notes": "", "STREETNAME": "LOUISIANA"}, "geometry": {"type": "Polygon", "coordinates": [[[-96.61730699999998, 33.19787300000007], [-96.61730999999997, 33.197321000000045], [-96.61688999999996, 33.197321000000045], [-96.61688799999996, 33.197321000000045], [-96.61688499999997, 33.19787400000007], [-96.61730699999998, 33.19787300000007]]]}}, {"type": "Feature", "properties": {"DisplayName": "City Lot #3", "Facility": "City Lot #3", "LotNumber": "A12", "LotName": "City Lot #3", "LotOwner": "City of McKinney", "LotType": "public off-street", "Type": "Public - Off Street", "Sector": "A", "Quadrant": "A", "StudyRing": "Mid", "Capacity": 80, "CurrentPar": 83, "Notes": "Tree Occlusion Western Spots, Southern Spots", "STREETNAME": "HERNDON"}, "geometry": {"type": "Polygon", "coordinates": [[[-96.61593199999999, 33.19867700000003], [-96.61593399999998, 33.19915800000007], [-96.61634399999997, 33.19915700000007], [-96.61634199999997, 33.19880900000004], [-96.61634999999995, 33.19880900000004], [-96.61654699999997, 33.19880900000004], [-96.61654699999997, 33.19867500000004], [-96.61593199999999, 33.19867700000003]]]}}, {"type": "Feature", "properties": {"DisplayName": "Lot 1 North", "Facility": "Lot 1 North", "LotNumber": "B01", "LotName": "Lot 1 North", "LotOwner": "", "LotType": "public off-street", "Type": "Public - Off Street", "Sector": "B", "Quadrant": "B", "StudyRing": "Outer", "Capacity": 124, "CurrentPar": 124, "Notes": "", "STREETNAME": "JOHNSON"}, "geometry": {"type": "Polygon", "coordinates": [[[-96.61487799999998, 33.199761000000024], [-96.61429799999996, 33.19975800000003], [-96.61429199999998, 33.20043400000003], [-96.61487599999998, 33.20043800000008], [-96.61488199999997, 33.20043800000008], [-96.61488799999995, 33.199761000000024], [-96.61487799999998, 33.199761000000024]]]}}, {"type": "Feature", "properties": {"DisplayName": "Hall Library Lot", "Facility": "Hall Library Lot", "LotNumber": "A05", "LotName": "Hall Library Lot", "LotOwner": "City of McKinney", "LotType": "public off-street", "Type": "Public - Off Street", "Sector": "A", "Quadrant": "A", "StudyRing": "Outer", "Capacity": 65, "CurrentPar": 65, "Notes": "Tree Occlusion Mid-Spots", "STREETNAME": "LAMAR"}, "geometry": {"type": "Polygon", "coordinates": [[[-96.61515799999995, 33.19992000000008], [-96.61515699999995, 33.19999100000007], [-96.61512599999998, 33.19999000000007], [-96.61512099999999, 33.20023200000003], [-96.61523599999998, 33.20023200000003], [-96.61523399999999, 33.20033500000005], [-96.61541899999997, 33.200338000000045], [-96.61541799999998, 33.20047000000005], [-96.61573999999996, 33.20046800000006], [-96.61573899999996, 33.19992400000007], [-96.61515799999995, 33.19992000000008]]]}}, {"type": "Feature", "properties": {"DisplayName": "Municipal Court Lot", "Facility": "Municipal Court Lot", "LotNumber": "D13", "LotName": "Municipal Court Lots", "LotOwner": "City of McKinney", "LotType": "public off-street", "Type": "Public - Off Street", "Sector": "D", "Quadrant": "D", "StudyRing": "Mid", "Capacity": 9, "CurrentPar": 10, "Notes": "Tree Occlusion Northern Dumpster Spot", "STREETNAME": "CLOYD"}, "geometry": {"type": "Polygon", "coordinates": [[[-96.61415999999997, 33.19657700000005], [-96.61413899999997, 33.19604700000008], [-96.61408899999998, 33.19604500000003], [-96.61406799999997, 33.196480000000065], [-96.61379099999999, 33.19651700000003], [-96.61379499999998, 33.19656800000007], [-96.61407599999995, 33.19657500000005], [-96.61415999999997, 33.19657700000005]]]}}, {"type": "Feature", "properties": {"DisplayName": "Davis Garage", "Facility": null, "LotNumber": "Davis Garage", "LotName": "Davis at the Square", "LotOwner": "", "LotType": "parking garage", "Type": "Garage", "Sector": "D", "Quadrant": "D", "StudyRing": "Outer", "Capacity": 193, "CurrentPar": 98, "Notes": "Parking Structure", "STREETNAME": "HOWELL"}, "geometry": {"type": "Polygon", "coordinates": [[[-96.61395099999999, 33.194935000000044], [-96.61395499999998, 33.19567900000004], [-96.61436899999995, 33.195677000000046], [-96.61436699999996, 33.195287000000064], [-96.61436499999996, 33.19493300000005], [-96.61395099999999, 33.194935000000044]]]}}, {"type": "Feature", "properties": {"DisplayName": "City Lot #1", "Facility": "City Lot #1", "LotNumber": "B05", "LotName": "City Lot #1", "LotOwner": "City of McKinney", "LotType": "public off-street", "Type": "Public - Off Street", "Sector": "B", "Quadrant": "B", "StudyRing": "Outer", "Capacity": 106, "CurrentPar": 103, "Notes": "", "STREETNAME": "HUNT"}, "geometry": {"type": "Polygon", "coordinates": [[[-96.61415799999997, 33.199310000000025], [-96.61351099999996, 33.19930500000004], [-96.61350599999997, 33.19984200000005], [-96.61415399999998, 33.199846000000036], [-96.61415799999997, 33.199310000000025]]]}}, {"type": "Feature", "properties": {"DisplayName": "Water Tower Lot", "Facility": "Water Tower Lot", "LotNumber": "D08", "LotName": "Water Tower Lot", "LotOwner": "City of McKinney", "LotType": "public off-street", "Type": "Public - Off Street", "Sector": "D", "Quadrant": "D", "StudyRing": "Outer", "Capacity": 19, "CurrentPar": 21, "Notes": "Tree Occlusion", "STREETNAME": "CLOYD"}, "geometry": {"type": "Polygon", "coordinates": [[[-96.61260999999996, 33.196511000000044], [-96.61309799999998, 33.19650900000005], [-96.61309799999998, 33.19643400000007], [-96.61312699999996, 33.19643400000007], [-96.61312599999997, 33.19625200000007], [-96.61300299999999, 33.19625300000007], [-96.61300399999999, 33.19638700000007], [-96.61274299999997, 33.19638800000007], [-96.61274199999997, 33.19603300000006], [-96.61271699999998, 33.19603300000006], [-96.61269699999997, 33.196034000000054], [-96.61261199999996, 33.196034000000054], [-96.61260899999996, 33.19621300000006], [-96.61260999999996, 33.196511000000044]]]}}, {"type": "Feature", "properties": {"DisplayName": "Playful Corp.", "Facility": "Playful Corp.", "LotNumber": "D28", "LotName": "Playful Corp.", "LotOwner": "", "LotType": "public off-street", "Type": "Public - Off Street", "Sector": "D", "Quadrant": "D", "StudyRing": "Outer", "Capacity": 126, "CurrentPar": 125, "Notes": "", "STREETNAME": "CHESTNUT"}, "geometry": {"type": "Polygon", "coordinates": [[[-96.61269899999996, 33.194807000000026], [-96.61270199999996, 33.19535700000006], [-96.61331299999995, 33.19535500000006], [-96.61330999999996, 33.19467400000008], [-96.61280899999997, 33.19467600000007], [-96.61280999999997, 33.194807000000026], [-96.61269899999996, 33.194807000000026]]]}}, {"type": "Feature", "properties": {"DisplayName": "Lot H North", "Facility": "Lot H North", "LotNumber": "A01", "LotName": "Lot H - North", "LotOwner": "", "LotType": "public off-street", "Type": "Public - Off Street", "Sector": "A", "Quadrant": "A", "StudyRing": "Outer", "Capacity": 44, "CurrentPar": 43, "Notes": "Tree Occlusion Southern Row", "STREETNAME": "WOOD"}, "geometry": {"type": "Polygon", "coordinates": [[[-96.61593799999997, 33.20028700000006], [-96.61593799999997, 33.20046300000007], [-96.61659199999997, 33.200465000000065], [-96.61659199999997, 33.20028800000006], [-96.61593799999997, 33.20028700000006]]]}}, {"type": "Feature", "properties": {"DisplayName": "Chestnut Commons", "Facility": null, "LotNumber": "Chestnut Commons", "LotName": "Chestnut Garage", "LotOwner": "City of McKinney", "LotType": "parking garage", "Type": "Garage", "Sector": "B", "Quadrant": "B", "StudyRing": "Outer", "Capacity": 308, "CurrentPar": 312, "Notes": "Parking Structure", "STREETNAME": "HERNDON"}, "geometry": {"type": "Polygon", "coordinates": [[[-96.61258199999997, 33.19829000000004], [-96.61257899999998, 33.198592000000076], [-96.61339199999998, 33.19859700000006], [-96.61339399999997, 33.19829500000003], [-96.61258199999997, 33.19829000000004]]]}}, {"type": "Feature", "properties": {"DisplayName": "Lot H South", "Facility": "Lot H South", "LotNumber": "A02", "LotName": "Lot H - South", "LotOwner": "", "LotType": "public off-street", "Type": "Public - Off Street", "Sector": "A", "Quadrant": "A", "StudyRing": "Outer", "Capacity": 40, "CurrentPar": 40, "Notes": "", "STREETNAME": "LOGAN"}, "geometry": {"type": "Polygon", "coordinates": [[[-96.61595199999994, 33.19995400000005], [-96.61595199999994, 33.20012400000007], [-96.61656099999999, 33.20012500000007], [-96.61656199999999, 33.19996100000003], [-96.61656199999999, 33.199955000000045], [-96.61595199999994, 33.19995400000005]]]}}, {"type": "Feature", "properties": {"DisplayName": "Wysong Lot C North", "Facility": "Wysong Lot C North", "LotNumber": "B06", "LotName": "Wysong - Lot C North", "LotOwner": "", "LotType": "public off-street", "Type": "Public - Off Street", "Sector": "B", "Quadrant": "B", "StudyRing": "Outer", "Capacity": 19, "CurrentPar": 19, "Notes": "", "STREETNAME": "LOGAN"}, "geometry": {"type": "Polygon", "coordinates": [[[-96.61295599999994, 33.19971900000007], [-96.61295699999994, 33.19987100000003], [-96.61315599999995, 33.199873000000025], [-96.61336899999998, 33.19987400000008], [-96.61336999999997, 33.19972100000007], [-96.61295599999994, 33.19971900000007]]]}}, {"type": "Feature", "properties": {"DisplayName": "Wysong Lot C South", "Facility": "Wysong Lot C South", "LotNumber": "B07", "LotName": "Wysong - Lot C South", "LotOwner": "", "LotType": "public off-street", "Type": "Public - Off Street", "Sector": "B", "Quadrant": "B", "StudyRing": "Outer", "Capacity": 24, "CurrentPar": 9, "Notes": "Temporary Construction Site", "STREETNAME": "CHESTNUT"}, "geometry": {"type": "Polygon", "coordinates": [[[-96.61295399999995, 33.19936100000007], [-96.61295599999994, 33.19963900000005], [-96.61339499999997, 33.19964200000004], [-96.61339699999996, 33.19936400000006], [-96.61295399999995, 33.19936100000007]]]}}, {"type": "Feature", "properties": {"DisplayName": "Lot 1 South", "Facility": "Lot 1 South", "LotNumber": "B04", "LotName": "Lot 1 South", "LotOwner": "City of McKinney", "LotType": "public off-street", "Type": "Public - Off Street", "Sector": "B", "Quadrant": "B", "StudyRing": "Outer", "Capacity": 48, "CurrentPar": 48, "Notes": "Tree Occlusion Periphery", "STREETNAME": "HUNT"}, "geometry": {"type": "Polygon", "coordinates": [[[-96.61428399999994, 33.19932600000004], [-96.61428199999995, 33.199535000000026], [-96.61488599999996, 33.19953900000007], [-96.61488799999995, 33.199329000000034], [-96.61428399999994, 33.19932600000004]]]}}, {"type": "Feature", "properties": {"DisplayName": "A46 TENNESSEE Public - On Street", "Facility": "", "LotNumber": "A46", "LotName": "", "LotOwner": "", "LotType": "on-street", "Type": "Public - On Street", "Sector": "A", "Quadrant": "A", "StudyRing": "Inner", "Capacity": 11, "CurrentPar": 11, "Notes": "", "STREETNAME": "TENNESSEE"}, "geometry": {"type": "Polygon", "coordinates": [[[-96.61516199999994, 33.19745400000005], [-96.61510199999998, 33.19742300000007], [-96.61510699999997, 33.19778100000008], [-96.61516499999999, 33.19780500000007], [-96.61516199999994, 33.19745400000005]]]}}, {"type": "Feature", "properties": {"DisplayName": "A42 VIRGINIA Public - On Street", "Facility": "", "LotNumber": "A42", "LotName": "", "LotOwner": "", "LotType": "on-street", "Type": "Public - On Street", "Sector": "A", "Quadrant": "A", "StudyRing": "Inner", "Capacity": 11, "CurrentPar": 11, "Notes": "", "STREETNAME": "VIRGINIA"}, "geometry": {"type": "Polygon", "coordinates": [[[-96.61524899999995, 33.19781800000004], [-96.61521399999998, 33.197865000000036], [-96.61561899999998, 33.19786800000003], [-96.61563799999999, 33.197820000000036], [-96.61524899999995, 33.19781800000004]]]}}, {"type": "Feature", "properties": {"DisplayName": "A41 KENTUCKY Public - On Street", "Facility": "", "LotNumber": "A41", "LotName": "", "LotOwner": "", "LotType": "on-street", "Type": "Public - On Street", "Sector": "A", "Quadrant": "A", "StudyRing": "Inner", "Capacity": 12, "CurrentPar": 12, "Notes": "", "STREETNAME": "KENTUCKY"}, "geometry": {"type": "Polygon", "coordinates": [[[-96.61571699999996, 33.19778800000006], [-96.61571899999996, 33.19742300000007], [-96.61566199999999, 33.197397000000024], [-96.61566099999999, 33.19776400000006], [-96.61571699999996, 33.19778800000006]]]}}, {"type": "Feature", "properties": {"DisplayName": "A43 LOUISIANA Public - On Street", "Facility": "", "LotNumber": "A43", "LotName": "", "LotOwner": "", "LotType": "on-street", "Type": "Public - On Street", "Sector": "A", "Quadrant": "A", "StudyRing": "Inner", "Capacity": 13, "CurrentPar": 11, "Notes": "", "STREETNAME": "LOUISIANA"}, "geometry": {"type": "Polygon", "coordinates": [[[-96.61557999999997, 33.19738300000006], [-96.61561099999994, 33.19733400000007], [-96.61520899999994, 33.197335000000066], [-96.61518799999999, 33.19738200000006], [-96.61557999999997, 33.19738300000006]]]}}, {"type": "Feature", "properties": {"DisplayName": "A40 KENTUCKY Public - On Street", "Facility": "", "LotNumber": "A40", "LotName": "", "LotOwner": "", "LotType": "on-street", "Type": "Public - On Street", "Sector": "A", "Quadrant": "A", "StudyRing": "Inner", "Capacity": 6, "CurrentPar": 6, "Notes": "", "STREETNAME": "KENTUCKY"}, "geometry": {"type": "Polygon", "coordinates": [[[-96.61580299999997, 33.19742300000007], [-96.61580299999997, 33.19785500000006], [-96.61583699999994, 33.19785400000006], [-96.61583499999995, 33.197422000000074], [-96.61580299999997, 33.19742300000007]]]}}, {"type": "Feature", "properties": {"DisplayName": "A37 VIRGINIA Public - On Street", "Facility": "", "LotNumber": "A37", "LotName": "", "LotOwner": "", "LotType": "on-street", "Type": "Public - On Street", "Sector": "A", "Quadrant": "A", "StudyRing": "Inner", "Capacity": 8, "CurrentPar": 7, "Notes": "", "STREETNAME": "VIRGINIA"}, "geometry": {"type": "Polygon", "coordinates": [[[-96.61597099999994, 33.19792700000005], [-96.61646599999995, 33.19792600000005], [-96.61646499999995, 33.19789700000007], [-96.61597299999994, 33.19790000000006], [-96.61597099999994, 33.19792700000005]]]}}, {"type": "Feature", "properties": {"DisplayName": "A48 LOUISIANA Public - On Street", "Facility": "", "LotNumber": "A48", "LotName": "", "LotOwner": "", "LotType": "on-street", "Type": "Public - On Street", "Sector": "A", "Quadrant": "A", "StudyRing": "Inner", "Capacity": 4, "CurrentPar": 8, "Notes": "", "STREETNAME": "LOUISIANA"}, "geometry": {"type": "Polygon", "coordinates": [[[-96.61607999999995, 33.19727100000006], [-96.61599899999999, 33.19727100000006], [-96.61599899999999, 33.197299000000044], [-96.61636399999998, 33.19729600000005], [-96.61636399999998, 33.19726900000006], [-96.61607999999995, 33.19727100000006]]]}}, {"type": "Feature", "properties": {"DisplayName": "A49 LOUISIANA Public - On Street", "Facility": "", "LotNumber": "A49", "LotName": "Louisiana 19-S", "LotOwner": "", "LotType": "on-street", "Type": "Public - On Street", "Sector": "A", "Quadrant": "A", "StudyRing": "Mid", "Capacity": 2, "CurrentPar": 4, "Notes": "", "STREETNAME": "LOUISIANA"}, "geometry": {"type": "MultiPolygon", "coordinates": [[[[-96.61672499999997, 33.19726700000007], [-96.61672499999997, 33.197295000000054], [-96.61695099999997, 33.197295000000054], [-96.61695099999997, 33.19728200000003], [-96.61695199999997, 33.19726700000007], [-96.61672499999997, 33.19726700000007]]], [[[-96.61703299999999, 33.197264000000075], [-96.61703199999994, 33.197291000000064], [-96.61710499999998, 33.19729300000006], [-96.61710499999998, 33.19726500000007], [-96.61703299999999, 33.197264000000075]]]]}}, {"type": "Feature", "properties": {"DisplayName": "A51 LOUISIANA Public - On Street", "Facility": "", "LotNumber": "A51", "LotName": "", "LotOwner": "", "LotType": "on-street", "Type": "Public - On Street", "Sector": "A", "Quadrant": "A", "StudyRing": "Outer", "Capacity": 6, "CurrentPar": 6, "Notes": "", "STREETNAME": "LOUISIANA"}, "geometry": {"type": "Polygon", "coordinates": [[[-96.61761699999994, 33.19726200000002], [-96.61761699999994, 33.197264000000075], [-96.61761699999994, 33.19728900000007], [-96.61803399999997, 33.197294000000056], [-96.61803399999997, 33.19726600000007], [-96.61761699999994, 33.19726200000002]]]}}, {"type": "Feature", "properties": {"DisplayName": "A29 VIRGINIA Public - On Street", "Facility": "", "LotNumber": "A29", "LotName": "", "LotOwner": "", "LotType": "on-street", "Type": "Public - On Street", "Sector": "A", "Quadrant": "A", "StudyRing": "Outer", "Capacity": 6, "CurrentPar": 6, "Notes": "", "STREETNAME": "VIRGINIA"}, "geometry": {"type": "Polygon", "coordinates": [[[-96.61838199999994, 33.197966000000065], [-96.61838099999994, 33.197993000000054], [-96.61877299999998, 33.19799000000006], [-96.61877299999998, 33.197962000000075], [-96.61838199999994, 33.197966000000065]]]}}, {"type": "Feature", "properties": {"DisplayName": "A31 VIRGINIA Public - On Street", "Facility": "", "LotNumber": "A31", "LotName": "", "LotOwner": "", "LotType": "on-street", "Type": "Public - On Street", "Sector": "A", "Quadrant": "A", "StudyRing": "Mid", "Capacity": 7, "CurrentPar": 7, "Notes": "", "STREETNAME": "VIRGINIA"}, "geometry": {"type": "Polygon", "coordinates": [[[-96.61672299999998, 33.197982000000025], [-96.61672299999998, 33.19801000000007], [-96.61721899999998, 33.19800200000003], [-96.61722099999997, 33.19800200000003], [-96.61722099999997, 33.197974000000045], [-96.61672299999998, 33.197982000000025]]]}}, {"type": "Feature", "properties": {"DisplayName": "A33 WOOD Public - On Street", "Facility": "", "LotNumber": "A33", "LotName": "", "LotOwner": "", "LotType": "on-street", "Type": "Public - On Street", "Sector": "A", "Quadrant": "A", "StudyRing": "Mid", "Capacity": 7, "CurrentPar": 9, "Notes": "Building Occlusion Southern Spots", "STREETNAME": "WOOD"}, "geometry": {"type": "Polygon", "coordinates": [[[-96.61665799999997, 33.198090000000036], [-96.61665199999999, 33.19855400000006], [-96.61668499999996, 33.19855400000006], [-96.61669099999995, 33.19809900000007], [-96.61669099999995, 33.198090000000036], [-96.61665799999997, 33.198090000000036]]]}}, {"type": "Feature", "properties": {"DisplayName": "A38 KENTUCKY Public - On Street", "Facility": "", "LotNumber": "A38", "LotName": "", "LotOwner": "", "LotType": "on-street", "Type": "Public - On Street", "Sector": "A", "Quadrant": "A", "StudyRing": "Inner", "Capacity": 7, "CurrentPar": 7, "Notes": "", "STREETNAME": "KENTUCKY"}, "geometry": {"type": "Polygon", "coordinates": [[[-96.61587099999997, 33.19806900000003], [-96.61587199999997, 33.198496000000034], [-96.61590399999994, 33.198496000000034], [-96.61590299999995, 33.19806900000003], [-96.61587099999997, 33.19806900000003]]]}}, {"type": "Feature", "properties": {"DisplayName": "A36 VIRGINIA Public - On Street", "Facility": "", "LotNumber": "A36", "LotName": "", "LotOwner": "", "LotType": "on-street", "Type": "Public - On Street", "Sector": "A", "Quadrant": "A", "StudyRing": "Inner", "Capacity": 7, "CurrentPar": 8, "Notes": "", "STREETNAME": "VIRGINIA"}, "geometry": {"type": "Polygon", "coordinates": [[[-96.61596799999995, 33.19798600000007], [-96.61596899999995, 33.19801600000005], [-96.61654099999998, 33.19801200000006], [-96.61653999999999, 33.19798700000007], [-96.61596799999995, 33.19798600000007]]]}}, {"type": "Feature", "properties": {"DisplayName": "A43 VIRGINIA Public - On Street", "Facility": "", "LotNumber": "A43", "LotName": "", "LotOwner": "", "LotType": "on-street", "Type": "Public - On Street", "Sector": "A", "Quadrant": "A", "StudyRing": "Inner", "Capacity": 13, "CurrentPar": 13, "Notes": "", "STREETNAME": "VIRGINIA"}, "geometry": {"type": "Polygon", "coordinates": [[[-96.61519699999997, 33.19799400000005], [-96.61563799999999, 33.197992000000056], [-96.61562199999997, 33.197939000000076], [-96.61516199999994, 33.197939000000076], [-96.61519699999997, 33.19799400000005]]]}}, {"type": "Feature", "properties": {"DisplayName": "A39 KENTUCKY Public - On Street", "Facility": "", "LotNumber": "A39", "LotName": "", "LotOwner": "", "LotType": "on-street", "Type": "Public - On Street", "Sector": "A", "Quadrant": "A", "StudyRing": "Inner", "Capacity": 7, "CurrentPar": 7, "Notes": "", "STREETNAME": "KENTUCKY"}, "geometry": {"type": "Polygon", "coordinates": [[[-96.61577599999998, 33.19806900000003], [-96.61577799999998, 33.198496000000034], [-96.61580999999995, 33.198496000000034], [-96.61580799999996, 33.198068000000035], [-96.61577599999998, 33.19806900000003]]]}}, {"type": "Feature", "properties": {"DisplayName": "A44 TENNESSEE Public - On Street", "Facility": "", "LotNumber": "A44", "LotName": "", "LotOwner": "", "LotType": "on-street", "Type": "Public - On Street", "Sector": "A", "Quadrant": "A", "StudyRing": "Inner", "Capacity": 5, "CurrentPar": 5, "Notes": "", "STREETNAME": "TENNESSEE"}, "geometry": {"type": "Polygon", "coordinates": [[[-96.61502999999999, 33.19835100000006], [-96.61505299999999, 33.19835100000006], [-96.61505299999999, 33.198060000000055], [-96.61501999999996, 33.19805900000006], [-96.61501999999996, 33.19835100000006], [-96.61502999999999, 33.19835100000006], [-96.61502999999999, 33.19835100000006]]]}}, {"type": "Feature", "properties": {"DisplayName": "A11 KENTUCKY Public - On Street", "Facility": "", "LotNumber": "A11", "LotName": "", "LotOwner": "", "LotType": "on-street", "Type": "Public - On Street", "Sector": "A", "Quadrant": "A", "StudyRing": "Mid", "Capacity": 7, "CurrentPar": 7, "Notes": "", "STREETNAME": "KENTUCKY"}, "geometry": {"type": "Polygon", "coordinates": [[[-96.61586699999998, 33.199152000000026], [-96.61589999999995, 33.199152000000026], [-96.61590199999995, 33.19871200000006], [-96.61587199999997, 33.19871100000006], [-96.61587199999997, 33.19871200000006], [-96.61586999999997, 33.19871200000006], [-96.61586699999998, 33.199152000000026]]]}}, {"type": "Feature", "properties": {"DisplayName": "A22 CHURCH Public - On Street", "Facility": "", "LotNumber": "A22", "LotName": "", "LotOwner": "", "LotType": "on-street", "Type": "Public - On Street", "Sector": "A", "Quadrant": "A", "StudyRing": "Outer", "Capacity": 4, "CurrentPar": 4, "Notes": "", "STREETNAME": "CHURCH"}, "geometry": {"type": "Polygon", "coordinates": [[[-96.61738499999996, 33.19828300000006], [-96.61738599999995, 33.198574000000065], [-96.61738899999995, 33.198574000000065], [-96.61741799999999, 33.19857300000007], [-96.61741799999999, 33.19828200000006], [-96.61738499999996, 33.19828300000006]]]}}, {"type": "Feature", "properties": {"DisplayName": "A18 BENGE Public - On Street", "Facility": "", "LotNumber": "A18", "LotName": "", "LotOwner": "", "LotType": "on-street", "Type": "Public - On Street", "Sector": "A", "Quadrant": "A", "StudyRing": "Outer", "Capacity": 13, "CurrentPar": 10, "Notes": "", "STREETNAME": "BENGE"}, "geometry": {"type": "Polygon", "coordinates": [[[-96.61811299999994, 33.19953200000003], [-96.61808799999994, 33.19954500000006], [-96.61808699999995, 33.199580000000026], [-96.61807699999997, 33.19985800000006], [-96.61810999999994, 33.19986000000006], [-96.61812099999997, 33.199546000000055], [-96.61812099999997, 33.199527000000046], [-96.61811299999994, 33.19953200000003]]]}}, {"type": "Feature", "properties": {"DisplayName": "A14 KENTUCKY Public - On Street", "Facility": "", "LotNumber": "A14", "LotName": "", "LotOwner": "", "LotType": "on-street", "Type": "Public - On Street", "Sector": "A", "Quadrant": "A", "StudyRing": "Outer", "Capacity": 7, "CurrentPar": 7, "Notes": "", "STREETNAME": "KENTUCKY"}, "geometry": {"type": "Polygon", "coordinates": [[[-96.61590199999995, 33.19938500000006], [-96.61586999999997, 33.19938500000006], [-96.61586799999998, 33.19981300000006], [-96.61589999999995, 33.19981300000006], [-96.61590199999995, 33.19938500000006]]]}}, {"type": "Feature", "properties": {"DisplayName": "A06 TENNESSEE Public - On Street", "Facility": "", "LotNumber": "A06", "LotName": "", "LotOwner": "", "LotType": "on-street", "Type": "Public - On Street", "Sector": "A", "Quadrant": "A", "StudyRing": "Outer", "Capacity": 13, "CurrentPar": 13, "Notes": "", "STREETNAME": "TENNESSEE"}, "geometry": {"type": "Polygon", "coordinates": [[[-96.61501099999998, 33.19936100000007], [-96.61501099999998, 33.200214000000074], [-96.61501899999996, 33.200214000000074], [-96.61504299999996, 33.200214000000074], [-96.61504399999995, 33.199362000000065], [-96.61501099999998, 33.19936100000007]]]}}, {"type": "Feature", "properties": {"DisplayName": "A13 KENTUCKY Public - On Street", "Facility": "", "LotNumber": "A13", "LotName": "", "LotOwner": "", "LotType": "on-street", "Type": "Public - On Street", "Sector": "A", "Quadrant": "A", "StudyRing": "Outer", "Capacity": 4, "CurrentPar": 4, "Notes": "", "STREETNAME": "KENTUCKY"}, "geometry": {"type": "Polygon", "coordinates": [[[-96.61578299999996, 33.199715000000026], [-96.61581499999994, 33.199715000000026], [-96.61581199999995, 33.19938300000007], [-96.61580999999995, 33.19938300000007], [-96.61580999999995, 33.19938200000007], [-96.61577899999997, 33.19938300000007], [-96.61578299999996, 33.199715000000026]]]}}, {"type": "Feature", "properties": {"DisplayName": "A04 KENTUCKY Public - On Street", "Facility": "", "LotNumber": "A04", "LotName": "", "LotOwner": "", "LotType": "on-street", "Type": "Public - On Street", "Sector": "A", "Quadrant": "A", "StudyRing": "Outer", "Capacity": 3, "CurrentPar": 3, "Notes": "", "STREETNAME": "KENTUCKY"}, "geometry": {"type": "Polygon", "coordinates": [[[-96.61590299999995, 33.20010600000006], [-96.61586999999997, 33.20010600000006], [-96.61586999999997, 33.20028700000006], [-96.61590299999995, 33.20028700000006], [-96.61590299999995, 33.20010600000006]]]}}, {"type": "Feature", "properties": {"DisplayName": "B30 TENNESSEE Public - On Street", "Facility": "", "LotNumber": "B30", "LotName": "", "LotOwner": "", "LotType": "on-street", "Type": "Public - On Street", "Sector": "B", "Quadrant": "B", "StudyRing": "Inner", "Capacity": 13, "CurrentPar": 13, "Notes": "", "STREETNAME": "TENNESSEE"}, "geometry": {"type": "Polygon", "coordinates": [[[-96.61495899999994, 33.19781900000004], [-96.61501999999996, 33.19779200000005], [-96.61501799999996, 33.19739500000003], [-96.61496099999994, 33.19741700000003], [-96.61495899999994, 33.19781900000004]]]}}, {"type": "Feature", "properties": {"DisplayName": "B29 LOUISIANA Public - On Street", "Facility": "", "LotNumber": "B29", "LotName": "", "LotOwner": "", "LotType": "on-street", "Type": "Public - On Street", "Sector": "B", "Quadrant": "B", "StudyRing": "Inner", "Capacity": 4, "CurrentPar": 6, "Notes": "", "STREETNAME": "LOUISIANA"}, "geometry": {"type": "Polygon", "coordinates": [[[-96.61432899999994, 33.197280000000035], [-96.61432799999994, 33.19730700000002], [-96.61475399999995, 33.197306000000026], [-96.61475399999995, 33.19727800000004], [-96.61432899999994, 33.197280000000035]]]}}, {"type": "Feature", "properties": {"DisplayName": "B20 VIRGINIA Public - On Street", "Facility": "", "LotNumber": "B20", "LotName": "", "LotOwner": "", "LotType": "on-street", "Type": "Public - On Street", "Sector": "B", "Quadrant": "B", "StudyRing": "Inner", "Capacity": 6, "CurrentPar": 6, "Notes": "", "STREETNAME": "VIRGINIA"}, "geometry": {"type": "Polygon", "coordinates": [[[-96.61442599999998, 33.197943000000066], [-96.61485899999997, 33.19794100000007], [-96.61485999999996, 33.197914000000026], [-96.61442599999998, 33.19791600000008], [-96.61442499999998, 33.19793800000008], [-96.61442599999998, 33.19793800000008], [-96.61442599999998, 33.197943000000066]]]}}, {"type": "Feature", "properties": {"DisplayName": "B22 VIRGINIA Public - On Street", "Facility": "", "LotNumber": "B22", "LotName": "", "LotOwner": "", "LotType": "on-street", "Type": "Public - On Street", "Sector": "B", "Quadrant": "B", "StudyRing": "Mid", "Capacity": 3, "CurrentPar": 3, "Notes": "", "STREETNAME": "VIRGINIA"}, "geometry": {"type": "Polygon", "coordinates": [[[-96.61386299999998, 33.19794200000007], [-96.61407899999995, 33.19794200000007], [-96.61407899999995, 33.19794100000007], [-96.61407999999994, 33.19794100000007], [-96.61407899999995, 33.19791500000008], [-96.61386299999998, 33.197914000000026], [-96.61386299999998, 33.197940000000074], [-96.61386299999998, 33.197940000000074], [-96.61386299999998, 33.19794200000007]]]}}, {"type": "Feature", "properties": {"DisplayName": "B28 LOUISIANA Public - On Street", "Facility": "", "LotNumber": "B28", "LotName": "", "LotOwner": "", "LotType": "on-street", "Type": "Public - On Street", "Sector": "B", "Quadrant": "B", "StudyRing": "Mid", "Capacity": 4, "CurrentPar": 7, "Notes": "", "STREETNAME": "LOUISIANA"}, "geometry": {"type": "Polygon", "coordinates": [[[-96.61359699999997, 33.197276000000045], [-96.61359699999997, 33.19730400000003], [-96.61409599999996, 33.19730800000008], [-96.61409699999996, 33.19728300000003], [-96.61409599999996, 33.19728300000003], [-96.61409599999996, 33.197280000000035], [-96.61359699999997, 33.197276000000045]]]}}, {"type": "Feature", "properties": {"DisplayName": "B27 LOUISIANA Public - On Street", "Facility": null, "LotNumber": "B27", "LotName": "", "LotOwner": "", "LotType": "on-street", "Type": "Public - On Street", "Sector": "B", "Quadrant": "B", "StudyRing": "Outer", "Capacity": 7, "CurrentPar": 8, "Notes": "Tree Occlusion Easternmost Spot", "STREETNAME": "LOUISIANA"}, "geometry": {"type": "Polygon", "coordinates": [[[-96.61261299999995, 33.19727300000005], [-96.61261299999995, 33.19730000000004], [-96.61330599999997, 33.19730400000003], [-96.61330699999996, 33.197276000000045], [-96.61261299999995, 33.19727300000005]]]}}, {"type": "Feature", "properties": {"DisplayName": "B25 VIRGINIA Public - On Street", "Facility": "", "LotNumber": "B25", "LotName": "", "LotOwner": "", "LotType": "on-street", "Type": "Public - On Street", "Sector": "B", "Quadrant": "B", "StudyRing": "Outer", "Capacity": 8, "CurrentPar": 8, "Notes": "", "STREETNAME": "VIRGINIA"}, "geometry": {"type": "MultiPolygon", "coordinates": [[[[-96.61269699999997, 33.19794100000007], [-96.61302499999994, 33.19794200000007], [-96.61302599999999, 33.197914000000026], [-96.61269799999997, 33.19791300000003], [-96.61269699999997, 33.19794100000007]]], [[[-96.61309799999998, 33.197914000000026], [-96.61309699999998, 33.19794200000007], [-96.61331099999995, 33.19794200000007], [-96.61331199999995, 33.19791500000008], [-96.61309799999998, 33.197914000000026]]]]}}, {"type": "Feature", "properties": {"DisplayName": "B24 VIRGINIA Public - On Street", "Facility": "", "LotNumber": "B24", "LotName": "", "LotOwner": "", "LotType": "on-street", "Type": "Public - On Street", "Sector": "B", "Quadrant": "B", "StudyRing": "Outer", "Capacity": 7, "CurrentPar": 7, "Notes": "", "STREETNAME": "VIRGINIA"}, "geometry": {"type": "MultiPolygon", "coordinates": [[[[-96.61260699999997, 33.19799100000006], [-96.61260699999997, 33.19801700000005], [-96.61289999999997, 33.19801800000005], [-96.61290099999997, 33.19799400000005], [-96.61289999999997, 33.19799400000005], [-96.61289999999997, 33.19799100000006], [-96.61260699999997, 33.19799100000006]]], [[[-96.61308299999996, 33.198019000000045], [-96.61331199999995, 33.198019000000045], [-96.61331299999995, 33.197992000000056], [-96.61308399999996, 33.19799100000006], [-96.61308299999996, 33.198019000000045]]]]}}, {"type": "Feature", "properties": {"DisplayName": "B21 VIRGINIA Public - On Street", "Facility": "", "LotNumber": "B21", "LotName": "", "LotOwner": "", "LotType": "on-street", "Type": "Public - On Street", "Sector": "B", "Quadrant": "B", "StudyRing": "Mid", "Capacity": 4, "CurrentPar": 4, "Notes": "", "STREETNAME": "VIRGINIA"}, "geometry": {"type": "MultiPolygon", "coordinates": [[[[-96.61360899999994, 33.19799000000006], [-96.61360899999994, 33.197996000000046], [-96.61360699999994, 33.197996000000046], [-96.61360899999994, 33.19801800000005], [-96.61383599999999, 33.19802000000004], [-96.61383599999999, 33.197992000000056], [-96.61360899999994, 33.19799000000006]]], [[[-96.61402199999998, 33.19800100000003], [-96.61402099999998, 33.19800100000003], [-96.61402199999998, 33.19802100000004], [-96.61409699999996, 33.19802200000004], [-96.61409799999996, 33.19800200000003], [-96.61409699999996, 33.19800200000003], [-96.61409799999996, 33.19799400000005], [-96.61402199999998, 33.19799400000005], [-96.61402199999998, 33.19800100000003]]]]}}, {"type": "Feature", "properties": {"DisplayName": "B19 VIRGINIA Public - On Street", "Facility": "", "LotNumber": "B19", "LotName": "", "LotOwner": "", "LotType": "on-street", "Type": "Public - On Street", "Sector": "B", "Quadrant": "B", "StudyRing": "Inner", "Capacity": 6, "CurrentPar": 6, "Notes": "", "STREETNAME": "VIRGINIA"}, "geometry": {"type": "Polygon", "coordinates": [[[-96.61443199999997, 33.19799100000006], [-96.61443099999997, 33.19801800000005], [-96.61486099999996, 33.19802000000004], [-96.61486099999996, 33.197996000000046], [-96.61486099999996, 33.197996000000046], [-96.61486099999996, 33.197992000000056], [-96.61443199999997, 33.19799100000006]]]}}, {"type": "Feature", "properties": {"DisplayName": "B18 TENNESSEE Public - On Street", "Facility": "", "LotNumber": "B18", "LotName": "", "LotOwner": "", "LotType": "on-street", "Type": "Public - On Street", "Sector": "B", "Quadrant": "B", "StudyRing": "Inner", "Capacity": 8, "CurrentPar": 8, "Notes": "", "STREETNAME": "TENNESSEE"}, "geometry": {"type": "Polygon", "coordinates": [[[-96.61492599999997, 33.19806600000004], [-96.61492399999997, 33.19851300000005], [-96.61494599999997, 33.198514000000046], [-96.61494599999997, 33.19851300000005], [-96.61495699999995, 33.19851300000005], [-96.61495899999994, 33.19806600000004], [-96.61492599999997, 33.19806600000004]]]}}, {"type": "Feature", "properties": {"DisplayName": "B03 TENNESSEE Public - On Street", "Facility": "", "LotNumber": "B03", "LotName": "", "LotOwner": "", "LotType": "on-street", "Type": "Public - On Street", "Sector": "B", "Quadrant": "B", "StudyRing": "Outer", "Capacity": 2, "CurrentPar": 3, "Notes": "", "STREETNAME": "TENNESSEE"}, "geometry": {"type": "Polygon", "coordinates": [[[-96.61495799999994, 33.199366000000055], [-96.61492599999997, 33.199366000000055], [-96.61492699999997, 33.19954000000007], [-96.61494999999996, 33.19954000000007], [-96.61495999999994, 33.19954000000007], [-96.61495799999994, 33.199366000000055]]]}}, {"type": "Feature", "properties": {"DisplayName": "B02 TENNESSEE Public - On Street", "Facility": "", "LotNumber": "B02", "LotName": "", "LotOwner": "", "LotType": "on-street", "Type": "Public - On Street", "Sector": "B", "Quadrant": "B", "StudyRing": "Outer", "Capacity": 7, "CurrentPar": 7, "Notes": "", "STREETNAME": "TENNESSEE"}, "geometry": {"type": "MultiPolygon", "coordinates": [[[[-96.61492599999997, 33.199659000000054], [-96.61492599999997, 33.19996400000008], [-96.61496099999994, 33.19996500000008], [-96.61495899999994, 33.19966000000005], [-96.61492599999997, 33.199659000000054]]], [[[-96.61492999999996, 33.20008700000005], [-96.61492799999996, 33.20019700000006], [-96.61492699999997, 33.200213000000076], [-96.61495999999994, 33.200213000000076], [-96.61496299999999, 33.20008700000005], [-96.61492999999996, 33.20008700000005]]]]}}, {"type": "Feature", "properties": {"DisplayName": "C01 LOUISIANA Public - On Street", "Facility": "", "LotNumber": "C01", "LotName": "", "LotOwner": "", "LotType": "on-street", "Type": "Public - On Street", "Sector": "C", "Quadrant": "C", "StudyRing": "Inner", "Capacity": 13, "CurrentPar": 13, "Notes": "", "STREETNAME": "LOUISIANA"}, "geometry": {"type": "Polygon", "coordinates": [[[-96.61565299999995, 33.19725600000004], [-96.61561199999994, 33.197201000000064], [-96.61513999999994, 33.19720300000006], [-96.61518499999994, 33.19725600000004], [-96.61565299999995, 33.19725600000004]]]}}, {"type": "Feature", "properties": {"DisplayName": "C20 KENTUCKY Public - On Street", "Facility": "", "LotNumber": "C20", "LotName": "", "LotOwner": "", "LotType": "on-street", "Type": "Public - On Street", "Sector": "C", "Quadrant": "C", "StudyRing": "Inner", "Capacity": 6, "CurrentPar": 6, "Notes": "", "STREETNAME": "KENTUCKY"}, "geometry": {"type": "Polygon", "coordinates": [[[-96.61579999999998, 33.19674200000003], [-96.61577199999994, 33.19674200000003], [-96.61577799999998, 33.197104000000024], [-96.61577899999997, 33.19711100000006], [-96.61581099999995, 33.197110000000066], [-96.61580399999997, 33.19674200000003], [-96.61579999999998, 33.19674200000003]]]}}, {"type": "Feature", "properties": {"DisplayName": "C21 TENNESSEE Public - On Street", "Facility": "", "LotNumber": "C21", "LotName": "", "LotOwner": "", "LotType": "on-street", "Type": "Public - On Street", "Sector": "C", "Quadrant": "C", "StudyRing": "Inner", "Capacity": 6, "CurrentPar": 7, "Notes": "", "STREETNAME": "TENNESSEE"}, "geometry": {"type": "Polygon", "coordinates": [[[-96.61506499999996, 33.19712100000004], [-96.61506299999996, 33.19666200000006], [-96.61502899999994, 33.19666100000006], [-96.61503199999999, 33.19712100000004], [-96.61506499999996, 33.19712100000004]]]}}, {"type": "Feature", "properties": {"DisplayName": "C22 LOUISIANA Public - On Street", "Facility": "", "LotNumber": "C22", "LotName": "", "LotOwner": "", "LotType": "on-street", "Type": "Public - On Street", "Sector": "C", "Quadrant": "C", "StudyRing": "Inner", "Capacity": 4, "CurrentPar": 7, "Notes": "Tree Occlusion Eastern Spot", "STREETNAME": "LOUISIANA"}, "geometry": {"type": "Polygon", "coordinates": [[[-96.61601999999999, 33.197186000000045], [-96.61601999999999, 33.197194000000025], [-96.61601899999994, 33.197204000000056], [-96.61601899999994, 33.19721300000003], [-96.61649299999999, 33.19720900000004], [-96.61649399999999, 33.19718100000006], [-96.61601999999999, 33.197186000000045]]]}}, {"type": "Feature", "properties": {"DisplayName": "C21 KENTUCKY Public - On Street", "Facility": "", "LotNumber": "C21", "LotName": "", "LotOwner": "", "LotType": "on-street", "Type": "Public - On Street", "Sector": "C", "Quadrant": "C", "StudyRing": "Inner", "Capacity": 6, "CurrentPar": 6, "Notes": "", "STREETNAME": "KENTUCKY"}, "geometry": {"type": "Polygon", "coordinates": [[[-96.61587099999997, 33.196744000000024], [-96.61587199999997, 33.197106000000076], [-96.61590499999994, 33.197106000000076], [-96.61590499999994, 33.19710200000003], [-96.61590399999994, 33.19674800000007], [-96.61590399999994, 33.196744000000024], [-96.61587099999997, 33.196744000000024]]]}}, {"type": "Feature", "properties": {"DisplayName": "C23 LOUISIANA Public - On Street", "Facility": "", "LotNumber": "C23", "LotName": "", "LotOwner": "", "LotType": "on-street", "Type": "Public - On Street", "Sector": "C", "Quadrant": "C", "StudyRing": "Mid", "Capacity": 3, "CurrentPar": 4, "Notes": "", "STREETNAME": "LOUISIANA"}, "geometry": {"type": "MultiPolygon", "coordinates": [[[[-96.61698899999999, 33.19717900000006], [-96.61698799999999, 33.19720700000005], [-96.61720499999996, 33.19720600000005], [-96.61720499999996, 33.197178000000065], [-96.61698899999999, 33.19717900000006]]], [[[-96.61671299999995, 33.19718100000006], [-96.61671199999995, 33.197208000000046], [-96.61679899999996, 33.197208000000046], [-96.61679799999996, 33.19718100000006], [-96.61671299999995, 33.19718100000006]]]]}}, {"type": "Feature", "properties": {"DisplayName": "C39 LOUISIANA Public - On Street", "Facility": "", "LotNumber": "C39", "LotName": "", "LotOwner": "", "LotType": "on-street", "Type": "Public - On Street", "Sector": "C", "Quadrant": "C", "StudyRing": "Outer", "Capacity": 3, "CurrentPar": 5, "Notes": "", "STREETNAME": "LOUISIANA"}, "geometry": {"type": "Polygon", "coordinates": [[[-96.61762199999998, 33.19716900000003], [-96.61762199999998, 33.197196000000076], [-96.61783799999995, 33.19719800000007], [-96.61783799999995, 33.19717000000003], [-96.61762199999998, 33.19716900000003]]]}}, {"type": "Feature", "properties": {"DisplayName": "C36 CHURCH Public - On Street", "Facility": "", "LotNumber": "C36", "LotName": "", "LotOwner": "", "LotType": "on-street", "Type": "Public - On Street", "Sector": "C", "Quadrant": "C", "StudyRing": "Outer", "Capacity": 2, "CurrentPar": 5, "Notes": "", "STREETNAME": "CHURCH"}, "geometry": {"type": "MultiPolygon", "coordinates": [[[[-96.61739199999994, 33.19692300000003], [-96.61739099999994, 33.197137000000055], [-96.61742399999997, 33.19713800000005], [-96.61742399999997, 33.19692300000003], [-96.61739199999994, 33.19692300000003]]], [[[-96.61739399999999, 33.196608000000026], [-96.61739299999994, 33.19671800000003], [-96.61740499999996, 33.19671900000003], [-96.61742499999997, 33.19671900000003], [-96.61742699999996, 33.196608000000026], [-96.61740599999996, 33.196608000000026], [-96.61739699999998, 33.196608000000026], [-96.61739399999999, 33.196608000000026]]]]}}, {"type": "Feature", "properties": {"DisplayName": "C33 CHURCH Public - On Street", "Facility": "", "LotNumber": "C33", "LotName": "", "LotOwner": "", "LotType": "on-street", "Type": "Public - On Street", "Sector": "C", "Quadrant": "C", "StudyRing": "Outer", "Capacity": 8, "CurrentPar": 8, "Notes": "", "STREETNAME": "CHURCH"}, "geometry": {"type": "Polygon", "coordinates": [[[-96.61740099999997, 33.196000000000026], [-96.61739799999998, 33.196000000000026], [-96.61739499999999, 33.19651700000003], [-96.61739699999998, 33.19651700000003], [-96.61742699999996, 33.196518000000026], [-96.61743099999995, 33.196000000000026], [-96.61740099999997, 33.196000000000026]]]}}, {"type": "Feature", "properties": {"DisplayName": "C18 KENTUCKY Public - On Street", "Facility": "", "LotNumber": "C18", "LotName": "", "LotOwner": "", "LotType": "on-street", "Type": "Public - On Street", "Sector": "C", "Quadrant": "C", "StudyRing": "Mid", "Capacity": 6, "CurrentPar": 6, "Notes": "", "STREETNAME": "KENTUCKY"}, "geometry": {"type": "Polygon", "coordinates": [[[-96.61580999999995, 33.19612600000005], [-96.61580099999998, 33.19618900000006], [-96.61579399999994, 33.196248000000026], [-96.61578999999995, 33.19627500000007], [-96.61578499999996, 33.196308000000045], [-96.61577799999998, 33.196371000000056], [-96.61577799999998, 33.196488000000045], [-96.61577799999998, 33.196507000000054], [-96.61581099999995, 33.196506000000056], [-96.61581099999995, 33.19648700000005], [-96.61580899999996, 33.19636000000003], [-96.61582199999998, 33.19627900000006], [-96.61584299999998, 33.19612600000005], [-96.61580999999995, 33.19612600000005]]]}}, {"type": "Feature", "properties": {"DisplayName": "C19 TENNESSEE Public - On Street", "Facility": "", "LotNumber": "C19", "LotName": "", "LotOwner": "", "LotType": "on-street", "Type": "Public - On Street", "Sector": "C", "Quadrant": "C", "StudyRing": "Mid", "Capacity": 4, "CurrentPar": 3, "Notes": "", "STREETNAME": "TENNESSEE"}, "geometry": {"type": "MultiPolygon", "coordinates": [[[[-96.61502799999994, 33.19607200000007], [-96.61502799999994, 33.19607200000007], [-96.61502199999995, 33.19607200000007], [-96.61502199999995, 33.19619400000005], [-96.61505499999998, 33.19619400000005], [-96.61505499999998, 33.19607200000007], [-96.61502799999994, 33.19607200000007]]], [[[-96.61502199999995, 33.19634600000006], [-96.61502299999995, 33.196402000000035], [-96.61503199999999, 33.196402000000035], [-96.61505599999998, 33.196402000000035], [-96.61505499999998, 33.19634600000006], [-96.61502199999995, 33.19634600000006]]]]}}, {"type": "Feature", "properties": {"DisplayName": "C12 HENRY Public - On Street", "Facility": "", "LotNumber": "C12", "LotName": "", "LotOwner": "", "LotType": "on-street", "Type": "Public - On Street", "Sector": "C", "Quadrant": "C", "StudyRing": "Outer", "Capacity": 6, "CurrentPar": 6, "Notes": "", "STREETNAME": "HENRY"}, "geometry": {"type": "Polygon", "coordinates": [[[-96.61576899999994, 33.19536100000005], [-96.61576799999995, 33.19581100000005], [-96.61579999999998, 33.19581100000005], [-96.61580199999997, 33.19536100000005], [-96.61576899999994, 33.19536100000005]]]}}, {"type": "Feature", "properties": {"DisplayName": "C27 DAVIS Public - On Street", "Facility": "", "LotNumber": "C27", "LotName": "", "LotOwner": "", "LotType": "on-street", "Type": "Public - On Street", "Sector": "C", "Quadrant": "C", "StudyRing": "Outer", "Capacity": 8, "CurrentPar": 8, "Notes": "", "STREETNAME": "DAVIS"}, "geometry": {"type": "Polygon", "coordinates": [[[-96.61667799999998, 33.19593100000003], [-96.61667799999998, 33.19593800000007], [-96.61730799999998, 33.19593500000008], [-96.61730799999998, 33.19590800000003], [-96.61667799999998, 33.195911000000024], [-96.61667799999998, 33.19593100000003]]]}}, {"type": "Feature", "properties": {"DisplayName": "C32 DAVIS Public - On Street", "Facility": "", "LotNumber": "C32", "LotName": "", "LotOwner": "", "LotType": "on-street", "Type": "Public - On Street", "Sector": "C", "Quadrant": "C", "StudyRing": "Outer", "Capacity": 6, "CurrentPar": 8, "Notes": "", "STREETNAME": "DAVIS"}, "geometry": {"type": "Polygon", "coordinates": [[[-96.61749199999997, 33.19589600000006], [-96.61749099999997, 33.195921000000055], [-96.61749099999997, 33.19592300000005], [-96.61805999999996, 33.19591600000007], [-96.61805999999996, 33.195906000000036], [-96.61805999999996, 33.195906000000036], [-96.61805999999996, 33.195891000000074], [-96.61805999999996, 33.195891000000074], [-96.61805999999996, 33.19588900000008], [-96.61749199999997, 33.19589600000006]]]}}, {"type": "Feature", "properties": {"DisplayName": "C31 CHURCH Public - On Street", "Facility": "", "LotNumber": "C31", "LotName": "", "LotOwner": "", "LotType": "on-street", "Type": "Public - On Street", "Sector": "C", "Quadrant": "C", "StudyRing": "Outer", "Capacity": 7, "CurrentPar": 8, "Notes": "", "STREETNAME": "CHURCH"}, "geometry": {"type": "Polygon", "coordinates": [[[-96.61742099999998, 33.19541000000004], [-96.61742199999998, 33.19585500000005], [-96.61745499999995, 33.19585500000005], [-96.61745299999995, 33.19541000000004], [-96.61742099999998, 33.19541000000004]]]}}, {"type": "Feature", "properties": {"DisplayName": "C10 KENTUCKY Public - On Street", "Facility": "", "LotNumber": "C10", "LotName": "", "LotOwner": "", "LotType": "on-street", "Type": "Public - On Street", "Sector": "C", "Quadrant": "C", "StudyRing": "Outer", "Capacity": 12, "CurrentPar": 10, "Notes": "", "STREETNAME": "KENTUCKY"}, "geometry": {"type": "Polygon", "coordinates": [[[-96.61580299999997, 33.19456900000006], [-96.61579399999994, 33.19527900000003], [-96.61581299999995, 33.195280000000025], [-96.61581299999995, 33.195280000000025], [-96.61582699999997, 33.195280000000025], [-96.61583499999995, 33.194570000000056], [-96.61580299999997, 33.19456900000006]]]}}, {"type": "Feature", "properties": {"DisplayName": "D01 LOUISIANA Public - On Street", "Facility": "", "LotNumber": "D01", "LotName": "", "LotOwner": "", "LotType": "on-street", "Type": "Public - On Street", "Sector": "D", "Quadrant": "D", "StudyRing": "Inner", "Capacity": 0, "CurrentPar": 7, "Notes": "", "STREETNAME": "LOUISIANA"}, "geometry": {"type": "Polygon", "coordinates": [[[-96.61432899999994, 33.197196000000076], [-96.61432899999994, 33.197223000000065], [-96.61483199999998, 33.19722200000007], [-96.61483299999998, 33.19719500000008], [-96.61432899999994, 33.197196000000076]]]}}, {"type": "Feature", "properties": {"DisplayName": "D16 TENNESSEE Public - On Street", "Facility": "", "LotNumber": "D16", "LotName": "", "LotOwner": "", "LotType": "on-street", "Type": "Public - On Street", "Sector": "D", "Quadrant": "D", "StudyRing": "Inner", "Capacity": 7, "CurrentPar": 7, "Notes": "Tree Occlusion Northern Spot", "STREETNAME": "TENNESSEE"}, "geometry": {"type": "Polygon", "coordinates": [[[-96.61491999999998, 33.19670400000007], [-96.61492399999997, 33.197107000000074], [-96.61495699999995, 33.197107000000074], [-96.61495699999995, 33.197107000000074], [-96.61495299999996, 33.19670400000007], [-96.61495299999996, 33.19670400000007], [-96.61491999999998, 33.19670400000007]]]}}, {"type": "Feature", "properties": {"DisplayName": "Lot 5 - S", "Facility": "Lot 5 - S", "LotNumber": "D12", "LotName": "Lot 5", "LotOwner": "", "LotType": "public off-street", "Type": "Public - Off Street", "Sector": "D", "Quadrant": "D", "StudyRing": "Mid", "Capacity": 17, "CurrentPar": 17, "Notes": "", "STREETNAME": "CLOYD"}, "geometry": {"type": "Polygon", "coordinates": [[[-96.61415699999998, 33.19667500000003], [-96.61415599999998, 33.196623000000045], [-96.61352699999998, 33.19662100000005], [-96.61352599999998, 33.19666900000004], [-96.61415699999998, 33.19667500000003]]]}}, {"type": "Feature", "properties": {"DisplayName": "D02 LOUISIANA Public - On Street", "Facility": "", "LotNumber": "D02", "LotName": "", "LotOwner": "", "LotType": "on-street", "Type": "Public - On Street", "Sector": "D", "Quadrant": "D", "StudyRing": "Mid", "Capacity": 2, "CurrentPar": 7, "Notes": "", "STREETNAME": "LOUISIANA"}, "geometry": {"type": "Polygon", "coordinates": [[[-96.61402599999997, 33.19719900000007], [-96.61358799999994, 33.197200000000066], [-96.61358799999994, 33.19722800000005], [-96.61409299999997, 33.19722600000006], [-96.61409399999997, 33.19719800000007], [-96.61402599999997, 33.19719900000007]]]}}, {"type": "Feature", "properties": {"DisplayName": "131 S Chestnut - McKinney Building Maintenance", "Facility": "131 S Chestnut - McKinney Building Maintenance", "LotNumber": "D07", "LotName": "", "LotOwner": "", "LotType": "public off-street", "Type": "Public - Off Street", "Sector": "D", "Quadrant": "D", "StudyRing": "Outer", "Capacity": 10, "CurrentPar": 9, "Notes": "Under Construction 2019", "STREETNAME": "CLOYD"}, "geometry": {"type": "Polygon", "coordinates": [[[-96.61303199999998, 33.196521000000075], [-96.61303199999998, 33.196570000000065], [-96.61325999999997, 33.19656900000007], [-96.61329999999998, 33.19656900000007], [-96.61332999999996, 33.19656900000007], [-96.61332999999996, 33.19652000000008], [-96.61303199999998, 33.196521000000075]]]}}, {"type": "Feature", "properties": {"DisplayName": "D34 DAVIS Public - On Street", "Facility": "", "LotNumber": "D34", "LotName": "", "LotOwner": "", "LotType": "on-street", "Type": "Public - On Street", "Sector": "D", "Quadrant": "D", "StudyRing": "Mid", "Capacity": 7, "CurrentPar": 7, "Notes": "", "STREETNAME": "DAVIS"}, "geometry": {"type": "Polygon", "coordinates": [[[-96.61357399999997, 33.19597700000003], [-96.61357399999997, 33.19600500000007], [-96.61407599999995, 33.19599500000004], [-96.61407599999995, 33.19596700000005], [-96.61357399999997, 33.19597700000003]]]}}, {"type": "Feature", "properties": {"DisplayName": "D18 JOHNSON Public - On Street", "Facility": "", "LotNumber": "D18", "LotName": "", "LotOwner": "", "LotType": "on-street", "Type": "Public - On Street", "Sector": "D", "Quadrant": "D", "StudyRing": "Mid", "Capacity": 4, "CurrentPar": 4, "Notes": "", "STREETNAME": "JOHNSON"}, "geometry": {"type": "Polygon", "coordinates": [[[-96.61423199999996, 33.19604000000004], [-96.61419499999994, 33.196038000000044], [-96.61419099999995, 33.196271000000024], [-96.61422499999998, 33.19626800000003], [-96.61423199999996, 33.19604000000004]]]}}, {"type": "Feature", "properties": {"DisplayName": "Municipal Court Lot West", "Facility": "Municipal Court Lot West", "LotNumber": "D17", "LotName": "Municipal Court Lot West", "LotOwner": "City of McKinney", "LotType": "public off-street", "Type": "Public - Off Street", "Sector": "D", "Quadrant": "D", "StudyRing": "Mid", "Capacity": 27, "CurrentPar": 27, "Notes": "Tree Occlusion North Spot Mid", "STREETNAME": "JOHNSON"}, "geometry": {"type": "Polygon", "coordinates": [[[-96.61419599999994, 33.196570000000065], [-96.61457199999995, 33.19656800000007], [-96.61456699999997, 33.19628600000004], [-96.61420099999998, 33.19629200000003], [-96.61419599999994, 33.196570000000065]]]}}, {"type": "Feature", "properties": {"DisplayName": "D21 DAVIS Public - On Street", "Facility": "", "LotNumber": "D21", "LotName": "", "LotOwner": "", "LotType": "on-street", "Type": "Public - On Street", "Sector": "D", "Quadrant": "D", "StudyRing": "Mid", "Capacity": 5, "CurrentPar": 5, "Notes": "", "STREETNAME": "DAVIS"}, "geometry": {"type": "Polygon", "coordinates": [[[-96.61483299999998, 33.19599100000005], [-96.61483499999997, 33.19596800000005], [-96.61439799999994, 33.19597200000004], [-96.61439599999994, 33.19599600000004], [-96.61483299999998, 33.19599100000005]]]}}, {"type": "Feature", "properties": {"DisplayName": "D23 TENNESSEE Public - On Street", "Facility": "", "LotNumber": "D23", "LotName": "", "LotOwner": "", "LotType": "on-street", "Type": "Public - On Street", "Sector": "D", "Quadrant": "D", "StudyRing": "Outer", "Capacity": 14, "CurrentPar": 14, "Notes": "", "STREETNAME": "TENNESSEE"}, "geometry": {"type": "Polygon", "coordinates": [[[-96.61503199999999, 33.19425400000006], [-96.61496899999997, 33.194247000000075], [-96.61491299999994, 33.194593000000054], [-96.61498199999994, 33.19459900000004], [-96.61503199999999, 33.19425400000006]]]}}, {"type": "Feature", "properties": {"DisplayName": "D22 TENNESSEE Public - On Street", "Facility": "", "LotNumber": "D22", "LotName": "", "LotOwner": "", "LotType": "on-street", "Type": "Public - On Street", "Sector": "D", "Quadrant": "D", "StudyRing": "Outer", "Capacity": 17, "CurrentPar": 17, "Notes": "", "STREETNAME": "TENNESSEE"}, "geometry": {"type": "Polygon", "coordinates": [[[-96.61493499999995, 33.195677000000046], [-96.61495399999995, 33.19506300000006], [-96.61489699999998, 33.195062000000064], [-96.61488199999997, 33.19567100000006], [-96.61493499999995, 33.195677000000046]]]}}, {"type": "Feature", "properties": {"DisplayName": "D33 DAVIS Public - On Street", "Facility": "", "LotNumber": "D33", "LotName": "", "LotOwner": "", "LotType": "on-street", "Type": "Public - On Street", "Sector": "D", "Quadrant": "D", "StudyRing": "Outer", "Capacity": 4, "CurrentPar": 4, "Notes": "", "STREETNAME": "DAVIS"}, "geometry": {"type": "Polygon", "coordinates": [[[-96.61381499999999, 33.195895000000064], [-96.61381499999999, 33.19592300000005], [-96.61410999999998, 33.19592000000006], [-96.61410899999998, 33.19589200000007], [-96.61381499999999, 33.195895000000064]]]}}, {"type": "Feature", "properties": {"DisplayName": "D24 HOWELL Public - On Street", "Facility": "", "LotNumber": "D24", "LotName": "", "LotOwner": "", "LotType": "on-street", "Type": "Public - On Street", "Sector": "D", "Quadrant": "D", "StudyRing": "Outer", "Capacity": 12, "CurrentPar": 12, "Notes": "", "STREETNAME": "HOWELL"}, "geometry": {"type": "MultiPolygon", "coordinates": [[[[-96.61479199999997, 33.19468900000004], [-96.61421399999995, 33.19468900000004], [-96.61419699999999, 33.194713000000036], [-96.61481499999996, 33.194709000000046], [-96.61479199999997, 33.19468900000004]]], [[[-96.61395499999998, 33.194709000000046], [-96.61392399999994, 33.19468800000004], [-96.61363599999999, 33.19469200000003], [-96.61361499999998, 33.19471400000003], [-96.61395499999998, 33.194709000000046]]]]}}, {"type": "Feature", "properties": {"DisplayName": "D25 HOWELL Public - On Street", "Facility": "", "LotNumber": "D25", "LotName": "", "LotOwner": "", "LotType": "on-street", "Type": "Public - On Street", "Sector": "D", "Quadrant": "D", "StudyRing": "Outer", "Capacity": 12, "CurrentPar": 12, "Notes": "", "STREETNAME": "HOWELL"}, "geometry": {"type": "MultiPolygon", "coordinates": [[[[-96.61480299999994, 33.194803000000036], [-96.61482099999995, 33.19478400000003], [-96.61418599999996, 33.194785000000024], [-96.61423099999996, 33.194807000000026], [-96.61480299999994, 33.194803000000036]]], [[[-96.61361599999998, 33.194788000000074], [-96.61364699999996, 33.19480800000008], [-96.61393099999998, 33.19480900000008], [-96.61396099999996, 33.19478600000008], [-96.61361599999998, 33.194788000000074]]]]}}, {"type": "Feature", "properties": {"DisplayName": "D27 ANTHONY Public - On Street", "Facility": "", "LotNumber": "D27", "LotName": "", "LotOwner": "", "LotType": "on-street", "Type": "Public - On Street", "Sector": "D", "Quadrant": "D", "StudyRing": "Outer", "Capacity": 5, "CurrentPar": 5, "Notes": "Tree Occlusion Eastern Spots", "STREETNAME": "ANTHONY"}, "geometry": {"type": "Polygon", "coordinates": [[[-96.61399099999994, 33.19413300000008], [-96.61401699999999, 33.19411100000008], [-96.61360999999994, 33.194097000000056], [-96.61363399999999, 33.19412600000004], [-96.61399099999994, 33.19413300000008]]]}}, {"type": "Feature", "properties": {"DisplayName": "D26 CHESTNUT Public - On Street", "Facility": "", "LotNumber": "D26", "LotName": "", "LotOwner": "", "LotType": "on-street", "Type": "Public - On Street", "Sector": "D", "Quadrant": "D", "StudyRing": "Outer", "Capacity": 12, "CurrentPar": 12, "Notes": "C1 is sharper, but with tree occlusion", "STREETNAME": "CHESTNUT"}, "geometry": {"type": "MultiPolygon", "coordinates": [[[[-96.61356099999995, 33.194183000000066], [-96.61349699999994, 33.194180000000074], [-96.61349699999994, 33.19423400000005], [-96.61355699999996, 33.194236000000046], [-96.61356099999995, 33.194183000000066]]], [[[-96.61355599999996, 33.19425600000005], [-96.61349899999999, 33.194255000000055], [-96.61349899999999, 33.194304000000045], [-96.61355499999996, 33.19430500000004], [-96.61355599999996, 33.19425600000005]]], [[[-96.61355699999996, 33.19433300000003], [-96.61350199999998, 33.19433200000003], [-96.61350199999998, 33.19438100000008], [-96.61355699999996, 33.19438100000008], [-96.61355699999996, 33.19433300000003]]], [[[-96.61354999999998, 33.194480000000055], [-96.61350099999999, 33.19447800000006], [-96.61350099999999, 33.19452800000005], [-96.61355199999997, 33.19452600000005], [-96.61354999999998, 33.194480000000055]]], [[[-96.61355299999997, 33.19440800000007], [-96.61350399999998, 33.19440600000007], [-96.61350199999998, 33.194454000000064], [-96.61355199999997, 33.19445600000006], [-96.61355299999997, 33.19440800000007]]], [[[-96.61354999999998, 33.19455300000004], [-96.61350099999999, 33.19455100000005], [-96.61349999999999, 33.19459600000005], [-96.61354999999998, 33.194597000000044], [-96.61354999999998, 33.19455300000004]]]]}}, {"type": "Feature", "properties": {"DisplayName": "D30 CHESTNUT Public - On Street", "Facility": "", "LotNumber": "D30", "LotName": "", "LotOwner": "", "LotType": "on-street", "Type": "Public - On Street", "Sector": "D", "Quadrant": "D", "StudyRing": "Outer", "Capacity": 9, "CurrentPar": 9, "Notes": "", "STREETNAME": "CHESTNUT"}, "geometry": {"type": "MultiPolygon", "coordinates": [[[[-96.61347899999998, 33.19491900000003], [-96.61347699999999, 33.195332000000064], [-96.61350699999997, 33.19530600000007], [-96.61351299999995, 33.19494400000008], [-96.61347899999998, 33.19491900000003]]], [[[-96.61347399999994, 33.19550700000008], [-96.61347799999999, 33.19574200000005], [-96.61350199999998, 33.19572100000005], [-96.61350499999998, 33.195530000000076], [-96.61347399999994, 33.19550700000008]]]]}}, {"type": "Feature", "properties": {"DisplayName": "D29 CHESTNUT Public - On Street", "Facility": "", "LotNumber": "D29", "LotName": "", "LotOwner": "", "LotType": "on-street", "Type": "Public - On Street", "Sector": "D", "Quadrant": "D", "StudyRing": "Outer", "Capacity": 22, "CurrentPar": 22, "Notes": "", "STREETNAME": "CHESTNUT"}, "geometry": {"type": "MultiPolygon", "coordinates": [[[[-96.61333499999995, 33.194968000000074], [-96.61333599999995, 33.195242000000064], [-96.61339299999997, 33.19524300000006], [-96.61339399999997, 33.19496700000008], [-96.61333499999995, 33.194968000000074]]], [[[-96.61334299999999, 33.19551900000005], [-96.61334799999997, 33.195768000000044], [-96.61339299999997, 33.19576900000004], [-96.61339099999998, 33.19551700000005], [-96.61334299999999, 33.19551900000005]]]]}}, {"type": "Feature", "properties": {"DisplayName": "131 S Chestnut - McKinney Building Maintenance", "Facility": "131 S Chestnut - McKinney Building Maintenance", "LotNumber": "D07", "LotName": "", "LotOwner": "", "LotType": "on-street", "Type": "Public - Off Street", "Sector": "D", "Quadrant": "D", "StudyRing": "Outer", "Capacity": 10, "CurrentPar": 4, "Notes": "Under Construction 2019", "STREETNAME": "CLOYD"}, "geometry": {"type": "Polygon", "coordinates": [[[-96.61266699999999, 33.196521000000075], [-96.61266699999999, 33.19654900000006], [-96.61295699999994, 33.196551000000056], [-96.61295599999994, 33.19652300000007], [-96.61266699999999, 33.196521000000075]]]}}, {"type": "Feature", "properties": {"DisplayName": "D31 DAVIS Public - On Street", "Facility": "", "LotNumber": "D31", "LotName": "", "LotOwner": "", "LotType": "on-street", "Type": "Public - On Street", "Sector": "D", "Quadrant": "D", "StudyRing": "Outer", "Capacity": 8, "CurrentPar": 8, "Notes": "", "STREETNAME": "DAVIS"}, "geometry": {"type": "Polygon", "coordinates": [[[-96.61305299999998, 33.195917000000065], [-96.61305099999998, 33.195868000000075], [-96.61277899999999, 33.19586900000007], [-96.61278299999998, 33.19592200000005], [-96.61305299999998, 33.195917000000065]]]}}, {"type": "Feature", "properties": {"DisplayName": "D20 TENNESSEE Public - On Street", "Facility": "", "LotNumber": "D20", "LotName": "", "LotOwner": "", "LotType": "on-street", "Type": "Public - On Street", "Sector": "D", "Quadrant": "D", "StudyRing": "Mid", "Capacity": 7, "CurrentPar": 7, "Notes": "", "STREETNAME": "TENNESSEE"}, "geometry": {"type": "Polygon", "coordinates": [[[-96.61492499999997, 33.19619200000005], [-96.61492699999997, 33.19649700000008], [-96.61494899999997, 33.19650000000007], [-96.61494899999997, 33.19649700000008], [-96.61495999999994, 33.19649700000008], [-96.61495799999994, 33.19619200000005], [-96.61492499999997, 33.19619200000005]]]}}, {"type": "Feature", "properties": {"DisplayName": "C19 KENTUCKY Public - On Street", "Facility": "", "LotNumber": "C19", "LotName": "", "LotOwner": "", "LotType": "on-street", "Type": "Public - On Street", "Sector": "C", "Quadrant": "C", "StudyRing": "Mid", "Capacity": 4, "CurrentPar": 4, "Notes": "", "STREETNAME": "KENTUCKY"}, "geometry": {"type": "Polygon", "coordinates": [[[-96.61587699999995, 33.196394000000055], [-96.61587699999995, 33.196394000000055], [-96.61587099999997, 33.196394000000055], [-96.61586799999998, 33.196649000000036], [-96.61587199999997, 33.196649000000036], [-96.61590099999995, 33.196649000000036], [-96.61590399999994, 33.196394000000055], [-96.61587699999995, 33.196394000000055]]]}}, {"type": "Feature", "properties": {"DisplayName": "C13 KENTUCKY Public - On Street", "Facility": "", "LotNumber": "C13", "LotName": "", "LotOwner": "", "LotType": "on-street", "Type": "Public - On Street", "Sector": "C", "Quadrant": "C", "StudyRing": "Outer", "Capacity": 6, "CurrentPar": 6, "Notes": "", "STREETNAME": "KENTUCKY"}, "geometry": {"type": "Polygon", "coordinates": [[[-96.61588399999994, 33.19536000000005], [-96.61587999999995, 33.19573200000008], [-96.61588399999994, 33.19573200000008], [-96.61591199999998, 33.19573200000008], [-96.61591599999997, 33.19536000000005], [-96.61588399999994, 33.19536000000005]]]}}, {"type": "Feature", "properties": {"DisplayName": "C11 KENTUCKY Public - On Street", "Facility": "", "LotNumber": "C11", "LotName": "", "LotOwner": "", "LotType": "on-street", "Type": "Public - On Street", "Sector": "C", "Quadrant": "C", "StudyRing": "Outer", "Capacity": 7, "CurrentPar": 10, "Notes": "", "STREETNAME": "KENTUCKY"}, "geometry": {"type": "Polygon", "coordinates": [[[-96.61589499999997, 33.19470800000005], [-96.61586299999999, 33.19470800000005], [-96.61586599999998, 33.19525600000003], [-96.61589799999996, 33.19525600000003], [-96.61589499999997, 33.19470800000005]]]}}, {"type": "Feature", "properties": {"DisplayName": "A32 VIRGINIA Public - On Street", "Facility": "", "LotNumber": "A32", "LotName": "", "LotOwner": "", "LotType": "on-street", "Type": "Public - On Street", "Sector": "A", "Quadrant": "A", "StudyRing": "Mid", "Capacity": 4, "CurrentPar": 4, "Notes": "", "STREETNAME": "VIRGINIA"}, "geometry": {"type": "MultiPolygon", "coordinates": [[[[-96.61670999999996, 33.19790300000005], [-96.61670999999996, 33.19793100000004], [-96.61692899999997, 33.19792800000005], [-96.61692899999997, 33.19790400000005], [-96.61692899999997, 33.19790100000006], [-96.61670999999996, 33.19790300000005]]], [[[-96.61705799999999, 33.19790000000006], [-96.61705799999999, 33.19792700000005], [-96.61712899999998, 33.19792600000005], [-96.61712899999998, 33.19789900000006], [-96.61705799999999, 33.19790000000006]]]]}}, {"type": "Feature", "properties": {"DisplayName": "A19 CHURCH Public - On Street", "Facility": "", "LotNumber": "A19", "LotName": "", "LotOwner": "", "LotType": "on-street", "Type": "Public - On Street", "Sector": "A", "Quadrant": "A", "StudyRing": "Outer", "Capacity": 7, "CurrentPar": 7, "Notes": "", "STREETNAME": "CHURCH"}, "geometry": {"type": "Polygon", "coordinates": [[[-96.61739099999994, 33.19915800000007], [-96.61741999999998, 33.19915800000007], [-96.61741899999998, 33.19866300000007], [-96.61739799999998, 33.19866200000007], [-96.61738599999995, 33.19866200000007], [-96.61738699999995, 33.19915800000007], [-96.61739099999994, 33.19915800000007], [-96.61739099999994, 33.19915800000007]]]}}, {"type": "Feature", "properties": {"DisplayName": "D15 CLOYD Public - On Street", "Facility": "", "LotNumber": "D15", "LotName": "", "LotOwner": "", "LotType": "on-street", "Type": "Public - On Street", "Sector": "D", "Quadrant": "D", "StudyRing": "Inner", "Capacity": 0, "CurrentPar": 3, "Notes": "", "STREETNAME": "CLOYD"}, "geometry": {"type": "Polygon", "coordinates": [[[-96.61460399999999, 33.196634000000074], [-96.61459599999995, 33.196597000000054], [-96.61443699999995, 33.196597000000054], [-96.61443999999995, 33.19663700000007], [-96.61460399999999, 33.196634000000074]]]}}, {"type": "Feature", "properties": {"DisplayName": "City Hall N", "Facility": "City Hall N", "LotNumber": "E03", "LotName": "City Hall N", "LotOwner": "City of McKinney", "LotType": "public off-street", "Type": "Public - Off Street", "Sector": "E", "Quadrant": "", "StudyRing": "", "Capacity": 157, "CurrentPar": 103, "Notes": "", "STREETNAME": "MAIN"}, "geometry": {"type": "MultiPolygon", "coordinates": [[[[-96.60938699999997, 33.19905200000005], [-96.60942399999999, 33.19916800000004], [-96.60945599999997, 33.19929700000006], [-96.60947299999998, 33.19939300000004], [-96.60947799999997, 33.199456000000055], [-96.60946999999999, 33.19953300000003], [-96.60950399999996, 33.19953300000003], [-96.60950299999996, 33.19939400000004], [-96.60948799999994, 33.19929200000007], [-96.60945899999996, 33.199175000000025], [-96.60941899999995, 33.19904800000006], [-96.60938699999997, 33.19905200000005]]], [[[-96.61014899999998, 33.19951100000003], [-96.61015399999997, 33.19955900000008], [-96.61030299999999, 33.19956200000007], [-96.61030699999998, 33.199501000000055], [-96.61037699999997, 33.19949800000006], [-96.61038299999996, 33.19933200000003], [-96.61030499999998, 33.199329000000034], [-96.61030799999997, 33.199018000000024], [-96.61016999999998, 33.199014000000034], [-96.61016099999995, 33.19907100000006], [-96.60998399999994, 33.199063000000024], [-96.60998399999994, 33.198995000000025], [-96.60962999999998, 33.19899900000007], [-96.60962199999994, 33.19907200000006], [-96.60955699999994, 33.199073000000055], [-96.60954099999998, 33.19948700000003], [-96.60961299999997, 33.19949400000007], [-96.60961399999997, 33.19955500000003], [-96.60997399999997, 33.199558000000025], [-96.60997499999996, 33.19950800000004], [-96.61014899999998, 33.19951100000003]]], [[[-96.60957899999994, 33.19961900000004], [-96.60995099999997, 33.199617000000046], [-96.60994699999998, 33.19959600000004], [-96.60958199999999, 33.19959200000005], [-96.60957899999994, 33.19961900000004]]], [[[-96.61018499999994, 33.19962600000002], [-96.61025899999999, 33.19962700000008], [-96.61026199999998, 33.19960200000003], [-96.61018499999994, 33.19959700000004], [-96.61018499999994, 33.19962600000002]]]]}}, {"type": "Feature", "properties": {"DisplayName": "City Hall E", "Facility": "City Hall E", "LotNumber": "E02", "LotName": "City Hall E", "LotOwner": "City of McKinney", "LotType": "public off-street", "Type": "Public - Off Street", "Sector": "E", "Quadrant": "", "StudyRing": "", "Capacity": 131, "CurrentPar": 48, "Notes": "", "STREETNAME": "MAIN"}, "geometry": {"type": "MultiPolygon", "coordinates": [[[[-96.60930030899999, 33.198354488000064], [-96.60924879999999, 33.198527194000064], [-96.60928358199999, 33.19853762900004], [-96.60940531999995, 33.19814111000005], [-96.60936705999995, 33.19813067600006], [-96.60930030899999, 33.198354488000064]]], [[[-96.60898399999996, 33.19855300000006], [-96.60911599999997, 33.198567000000025], [-96.60912399999995, 33.198537000000044], [-96.60918299999997, 33.19854200000003], [-96.60921599999995, 33.19842500000004], [-96.60923599999995, 33.19842600000004], [-96.60927499999997, 33.19818300000003], [-96.60918999999996, 33.19818900000007], [-96.60918799999996, 33.198127000000056], [-96.60886499999998, 33.198120000000074], [-96.60886599999998, 33.198180000000036], [-96.60876599999995, 33.198181000000034], [-96.60874899999999, 33.19854800000007], [-96.60894499999995, 33.19855300000006], [-96.60896599999995, 33.19828400000006], [-96.60890399999994, 33.19827800000007], [-96.60891099999998, 33.19824100000005], [-96.60896299999996, 33.19823500000007], [-96.60904299999999, 33.19823800000006], [-96.60909499999997, 33.198244000000045], [-96.60911399999998, 33.19827300000003], [-96.60910699999994, 33.198289000000045], [-96.60904999999997, 33.19828800000005], [-96.60898399999996, 33.19855300000006]]], [[[-96.60921485199998, 33.198740618000045], [-96.60921485199998, 33.198814079000044], [-96.60924601699998, 33.198814079000044], [-96.60924601699998, 33.198740618000045], [-96.60921485199998, 33.198740618000045]]], [[[-96.60927964399997, 33.199079949000065], [-96.60929237199997, 33.199141772000075], [-96.60932249799998, 33.19913556900008], [-96.60930976999998, 33.19907374700006], [-96.60927964399997, 33.199079949000065]]], [[[-96.60872699999999, 33.199100000000044], [-96.60879099999994, 33.19911100000007], [-96.60879299999999, 33.19916500000005], [-96.60914799999995, 33.19916900000004], [-96.60914899999995, 33.19912700000003], [-96.60922199999999, 33.19910200000004], [-96.60916199999997, 33.198879000000034], [-96.60915899999998, 33.19871800000004], [-96.60895599999998, 33.19871000000006], [-96.60895999999997, 33.19883900000008], [-96.60898799999995, 33.19900300000006], [-96.60905399999996, 33.199006000000054], [-96.60904499999998, 33.199047000000064], [-96.60900399999997, 33.199055000000044], [-96.60889599999996, 33.19904900000006], [-96.60886999999997, 33.199024000000065], [-96.60886799999997, 33.198998000000074], [-96.60892899999999, 33.198998000000074], [-96.60894199999996, 33.19871100000006], [-96.60873899999996, 33.19870700000007], [-96.60872699999999, 33.199100000000044]]], [[[-96.60875999999996, 33.19919500000003], [-96.60872799999999, 33.19921000000005], [-96.60874999999999, 33.19925000000006], [-96.60923599999995, 33.19925800000004], [-96.60919199999995, 33.19918900000005], [-96.60875999999996, 33.19919500000003]]]]}}, {"type": "Feature", "properties": {"DisplayName": "Tupps", "Facility": "Tupps", "LotNumber": "F03", "LotName": "Tupps", "LotOwner": "Tupps", "LotType": "public off-street", "Type": "Public - Off Street", "Sector": "F", "Quadrant": "", "StudyRing": "", "Capacity": 205, "CurrentPar": 152, "Notes": "", "STREETNAME": "DUNGAN"}, "geometry": {"type": "Polygon", "coordinates": [[[-96.61031899999995, 33.19709300000005], [-96.61055799999997, 33.19709700000004], [-96.61066799999998, 33.194574000000046], [-96.61073399999998, 33.19455400000004], [-96.61075099999994, 33.194229000000064], [-96.61057999999997, 33.19414100000006], [-96.61036599999994, 33.19416400000006], [-96.61034699999999, 33.19531800000004], [-96.61032299999994, 33.19679400000007], [-96.61031899999995, 33.19709300000005]]]}}, {"type": "Feature", "properties": {"DisplayName": "Flour Mill West Lot", "Facility": "Flour Mill West Lot", "LotNumber": "E05", "LotName": "Flour Mill", "LotOwner": "Flour Mill", "LotType": "public off-street", "Type": "Public - Off Street", "Sector": "E", "Quadrant": "", "StudyRing": "", "Capacity": 49, "CurrentPar": 30, "Notes": "", "STREETNAME": "VIRGINIA"}, "geometry": {"type": "Polygon", "coordinates": [[[-96.61059999999998, 33.19781100000006], [-96.61059799999998, 33.197628000000066], [-96.61059499999999, 33.19733400000007], [-96.61041199999994, 33.19733100000008], [-96.61041199999994, 33.19735300000008], [-96.61029399999995, 33.197358000000065], [-96.61028299999998, 33.19789700000007], [-96.61051999999995, 33.19791100000003], [-96.61052699999999, 33.197808000000066], [-96.61059999999998, 33.19781100000006]]]}}, {"type": "Feature", "properties": {"DisplayName": "City Hall Lot (Old)", "Facility": "City Hall Lot (Old)", "LotNumber": "B15", "LotName": "City Hall Lot", "LotOwner": null, "LotType": "public off-street", "Type": "Public - Off Street", "Sector": "B", "Quadrant": "B", "StudyRing": "Mid", "Capacity": 29, "CurrentPar": 29, "Notes": "Tree Occlusion North-East Spot", "STREETNAME": "JOHNSON"}, "geometry": {"type": "Polygon", "coordinates": [[[-96.61446837399996, 33.19873287000007], [-96.61436564899998, 33.198733179000044], [-96.61436554599999, 33.19870909000008], [-96.61426832799998, 33.19870938200006], [-96.61427002599999, 33.19910859700008], [-96.61427034399998, 33.19918355000004], [-96.61447028899994, 33.19918294900003], [-96.61446985799995, 33.19908154500007], [-96.61446837399996, 33.19873287000007]]]}}, {"type": "Feature", "properties": {"DisplayName": "Development Services Lot", "Facility": "Development Services Lot", "LotNumber": "A09", "LotName": "Development Services Lot", "LotOwner": "City of McKinney", "LotType": "public off-street", "Type": "Public - Off Street", "Sector": "A", "Quadrant": "A", "StudyRing": "Mid", "Capacity": 40, "CurrentPar": 44, "Notes": "Tree Occlusion Northern Spots", "STREETNAME": "HERNDON"}, "geometry": {"type": "Polygon", "coordinates": [[[-96.61574747099996, 33.19865573900006], [-96.61559120299995, 33.19865755700005], [-96.61559247299994, 33.198955312000066], [-96.61557740599994, 33.198955357000045], [-96.61547886499994, 33.19895565400003], [-96.61512370099996, 33.19895672400003], [-96.61512386099997, 33.19899423900006], [-96.61512445099999, 33.19913275600004], [-96.61514583099995, 33.19913304700003], [-96.61574949999994, 33.199131227000066], [-96.61574747099996, 33.19865573900006]]]}}, {"type": "Feature", "properties": {"DisplayName": "Church Street Auditorium", "Facility": "Church Street Auditorium", "LotNumber": "A16", "LotName": null, "LotOwner": "", "LotType": "private off-street", "Type": "Private - Off Street", "Sector": "A", "Quadrant": "A", "StudyRing": "Outer", "Capacity": 33, "CurrentPar": 33, "Notes": null, "STREETNAME": "WOOD"}, "geometry": {"type": "Polygon", "coordinates": [[[-96.61687831999996, 33.19931172300005], [-96.61667402499995, 33.19931409000003], [-96.61667872199996, 33.19986273100005], [-96.61688019399998, 33.199863220000054], [-96.61687831999996, 33.19931172300005]]]}}, {"type": "Feature", "properties": {"DisplayName": "First United Methodist Church", "Facility": "First United Methodist Church", "LotNumber": "A17", "LotName": null, "LotOwner": "", "LotType": "private off-street", "Type": "Private - Off Street", "Sector": "A", "Quadrant": "A", "StudyRing": "Outer", "Capacity": 30, "CurrentPar": 34, "Notes": null, "STREETNAME": "HUNT"}, "geometry": {"type": "Polygon", "coordinates": [[[-96.61806279599995, 33.19948308000005], [-96.61805443499998, 33.19930935100007], [-96.61748887599998, 33.19930977900003], [-96.61749044099997, 33.19948574700004], [-96.61806279599995, 33.19948308000005]]]}}, {"type": "Feature", "properties": {"DisplayName": "AT&T Lot", "Facility": "AT&T Lot", "LotNumber": "A15", "LotName": null, "LotOwner": "", "LotType": "private off-street", "Type": "Private - Off Street", "Sector": "A", "Quadrant": "A", "StudyRing": "Outer", "Capacity": 20, "CurrentPar": 21, "Notes": null, "STREETNAME": "HUNT"}, "geometry": {"type": "Polygon", "coordinates": [[[-96.61655195499998, 33.199509087000024], [-96.61655148299997, 33.19933473300006], [-96.61611565199996, 33.19933721500007], [-96.61611354699994, 33.199536298000055], [-96.61625352999994, 33.19953738800007], [-96.61625389099999, 33.19950922800007], [-96.61655195499998, 33.199509087000024]]]}}, {"type": "Feature", "properties": {"DisplayName": "Heard-Craig", "Facility": "Heard-Craig", "LotNumber": "A20", "LotName": null, "LotOwner": "", "LotType": "private off-street", "Type": "Private - Off Street", "Sector": "A", "Quadrant": "A", "StudyRing": "Mid", "Capacity": 20, "CurrentPar": 21, "Notes": null, "STREETNAME": "HERNDON"}, "geometry": {"type": "Polygon", "coordinates": [[[-96.61683165499994, 33.19866914500005], [-96.61682950099998, 33.19881651400004], [-96.61728278199996, 33.19882119500005], [-96.61728493399994, 33.19867382500007], [-96.61683165499994, 33.19866914500005]]]}}, {"type": "Feature", "properties": {"DisplayName": "207 N Church - Offices", "Facility": "207 N Church - Offices", "LotNumber": "A23", "LotName": null, "LotOwner": "", "LotType": "private off-street", "Type": "Private - Off Street", "Sector": "A", "Quadrant": "A", "StudyRing": "Outer", "Capacity": 6, "CurrentPar": 4, "Notes": null, "STREETNAME": "HERNDON"}, "geometry": {"type": "Polygon", "coordinates": [[[-96.61751151299995, 33.19871117200006], [-96.61767236999998, 33.198711219000074], [-96.61767046199998, 33.198647282000024], [-96.61751073599999, 33.19864681700005], [-96.61751151299995, 33.19871117200006]]]}}, {"type": "Feature", "properties": {"DisplayName": "Enxchange", "Facility": "Enxchange", "LotNumber": "A26", "LotName": null, "LotOwner": "McKinney Chamber of Commerce", "LotType": "private off-street", "Type": "Private - Off Street", "Sector": "A", "Quadrant": "A", "StudyRing": "Outer", "Capacity": 9, "CurrentPar": 11, "Notes": null, "STREETNAME": "BENGE"}, "geometry": {"type": "Polygon", "coordinates": [[[-96.61857466899994, 33.198443670000074], [-96.61857574099997, 33.198326758000064], [-96.61822234999994, 33.198327402000075], [-96.61822125299994, 33.19844550700003], [-96.61857466899994, 33.198443670000074]]]}}, {"type": "Feature", "properties": {"DisplayName": "W Herndon - The Legan Place", "Facility": "W Herndon - The Legan Place", "LotNumber": "A27", "LotName": null, "LotOwner": "LifePath Systems", "LotType": "private off-street", "Type": "Private - Off Street", "Sector": "A", "Quadrant": "A", "StudyRing": "Outer", "Capacity": 9, "CurrentPar": 10, "Notes": null, "STREETNAME": "HERNDON"}, "geometry": {"type": "Polygon", "coordinates": [[[-96.61856915699997, 33.19845090500007], [-96.61856198999999, 33.19858634700006], [-96.61880963599998, 33.19858753500006], [-96.61881060599995, 33.19845175700004], [-96.61856915699997, 33.19845090500007]]]}}, {"type": "Feature", "properties": {"DisplayName": "Responsive Staffing", "Facility": "Responsive Staffing", "LotNumber": "A28", "LotName": null, "LotOwner": "McKinney Chamber of Commerce", "LotType": "private off-street", "Type": "Private - Off Street", "Sector": "A", "Quadrant": "A", "StudyRing": "Outer", "Capacity": 38, "CurrentPar": 41, "Notes": null, "STREETNAME": "VIRGINIA"}, "geometry": {"type": "Polygon", "coordinates": [[[-96.61881906999997, 33.19802974800007], [-96.61882445799995, 33.198176586000045], [-96.61896786199998, 33.198175063000065], [-96.61897000399995, 33.198194424000064], [-96.61896600199998, 33.198262373000034], [-96.61896552199994, 33.198549779000075], [-96.61913574499994, 33.19855353500003], [-96.61915401599998, 33.19802882500005], [-96.61881906999997, 33.19802974800007]]]}}, {"type": "Feature", "properties": {"DisplayName": "Union Bear", "Facility": "Union Bear", "LotNumber": "A30", "LotName": null, "LotOwner": "Heritage Hardwood Floors", "LotType": "private off-street", "Type": "Private - Off Street", "Sector": "A", "Quadrant": "A", "StudyRing": "Outer", "Capacity": 17, "CurrentPar": 30, "Notes": "Tree Occlusion Northern Spots", "STREETNAME": "CHURCH"}, "geometry": {"type": "Polygon", "coordinates": [[[-96.61769781799995, 33.198349017000055], [-96.61769485199994, 33.19818859500003], [-96.61777575099995, 33.19818838100008], [-96.61777644599994, 33.198035908000065], [-96.61744765699996, 33.19804097700006], [-96.61744058099998, 33.19835298400005], [-96.61769781799995, 33.198349017000055]]]}}, {"type": "Feature", "properties": {"DisplayName": "Union Bear", "Facility": "Union Bear", "LotNumber": "A24", "LotName": null, "LotOwner": "Heritage Hardwood Floors", "LotType": "private off-street", "Type": "Private - Off Street", "Sector": "A", "Quadrant": "A", "StudyRing": "Outer", "Capacity": 8, "CurrentPar": 14, "Notes": "may have more, only 13 marked", "STREETNAME": "BENGE"}, "geometry": {"type": "Polygon", "coordinates": [[[-96.61810629899998, 33.19830062500006], [-96.61810657099994, 33.198021433000065], [-96.61795353299999, 33.198025176000044], [-96.61794874399999, 33.19830183100004], [-96.61810629899998, 33.19830062500006]]]}}, {"type": "Feature", "properties": {"DisplayName": "Sugarbacon/Loyo/The Pub", "Facility": "Sugarbacon/Loyo/The Pub", "LotNumber": "A21", "LotName": null, "LotOwner": "", "LotType": "private off-street", "Type": "Private - Off Street", "Sector": "A", "Quadrant": "A", "StudyRing": "Mid", "Capacity": 17, "CurrentPar": 17, "Notes": null, "STREETNAME": "HERNDON"}, "geometry": {"type": "Polygon", "coordinates": [[[-96.61704322299994, 33.198360008000066], [-96.61704203999994, 33.19841550600006], [-96.61704278699995, 33.19841700000006], [-96.61704143599997, 33.19859363100005], [-96.61730828499998, 33.198589662000074], [-96.61731007299994, 33.19835580300003], [-96.61704322299994, 33.198360008000066]]]}}, {"type": "Feature", "properties": {"DisplayName": "Dancewear Lot", "Facility": "Dancewear Lot", "LotNumber": "A34", "LotName": null, "LotOwner": "", "LotType": "private off-street", "Type": "Private - Off Street", "Sector": "A", "Quadrant": "A", "StudyRing": "Inner", "Capacity": 16, "CurrentPar": 16, "Notes": null, "STREETNAME": "HERNDON"}, "geometry": {"type": "Polygon", "coordinates": [[[-96.61642195299999, 33.198331437000036], [-96.61641587099996, 33.19859540700003], [-96.61660130999996, 33.19859555600004], [-96.61660305499998, 33.19851981100004], [-96.61660739299998, 33.19833158600005], [-96.61658145699994, 33.198331565000046], [-96.61642195299999, 33.198331437000036]]]}}, {"type": "Feature", "properties": {"DisplayName": "Local Yocal Market", "Facility": "Local Yocal Market", "LotNumber": "A45", "LotName": null, "LotOwner": "Local Yocal", "LotType": "private off-street", "Type": "Private - Off Street", "Sector": "A", "Quadrant": "A", "StudyRing": "Inner", "Capacity": 4, "CurrentPar": 4, "Notes": null, "STREETNAME": "HERNDON"}, "geometry": {"type": "Polygon", "coordinates": [[[-96.61506999899996, 33.198436455000035], [-96.61506958599995, 33.19858622800007], [-96.61514626699994, 33.19858669400003], [-96.61514678199995, 33.19843692200004], [-96.61506999899996, 33.198436455000035]]]}}, {"type": "Feature", "properties": {"DisplayName": "230 E Hunt", "Facility": "230 E Hunt", "LotNumber": "B12", "LotName": null, "LotOwner": "", "LotType": "private off-street", "Type": "Private - Off Street", "Sector": "B", "Quadrant": "B", "StudyRing": "Mid", "Capacity": 24, "CurrentPar": 24, "Notes": null, "STREETNAME": "JOHNSON"}, "geometry": {"type": "Polygon", "coordinates": [[[-96.61372141999999, 33.19917686100007], [-96.61372251599994, 33.19904981700006], [-96.61374633799994, 33.19904996200006], [-96.61380077299998, 33.199050294000074], [-96.61412168099997, 33.19905225000008], [-96.61412266599996, 33.19893787400002], [-96.61358786799997, 33.19893461400005], [-96.61358742499999, 33.198985984000046], [-96.61352497499996, 33.198986234000074], [-96.61352372599998, 33.19917565600008], [-96.61372141999999, 33.19917686100007]]]}}, {"type": "Feature", "properties": {"DisplayName": "E Herndon Permit Lot", "Facility": "E Herndon Permit Lot", "LotNumber": "B11", "LotName": null, "LotOwner": "", "LotType": "private off-street", "Type": "Private - Off Street", "Sector": "B", "Quadrant": "B", "StudyRing": "Mid", "Capacity": 53, "CurrentPar": 53, "Notes": null, "STREETNAME": "JOHNSON"}, "geometry": {"type": "Polygon", "coordinates": [[[-96.61416911199996, 33.19883514600008], [-96.61416888199994, 33.19867798200005], [-96.61351711899994, 33.19867400900006], [-96.61351493699999, 33.19892699600007], [-96.61404753299996, 33.198930165000036], [-96.61404835799999, 33.198834410000075], [-96.61416911199996, 33.19883514600008]]]}}, {"type": "Feature", "properties": {"DisplayName": "Thomason Tire", "Facility": "Thomason Tire", "LotNumber": "B08", "LotName": null, "LotOwner": "", "LotType": "private off-street", "Type": "Private - Off Street", "Sector": "B", "Quadrant": "B", "StudyRing": "Outer", "Capacity": 21, "CurrentPar": 15, "Notes": null, "STREETNAME": "HUNT"}, "geometry": {"type": "Polygon", "coordinates": [[[-96.61305565199996, 33.199078480000026], [-96.61272958199999, 33.19908279800006], [-96.61272932699995, 33.19904381300006], [-96.61215643699995, 33.199040309000054], [-96.61215507799994, 33.19919745000004], [-96.61215484899998, 33.19922384800003], [-96.61305434899998, 33.199229348000074], [-96.61305565199996, 33.199078480000026]]]}}, {"type": "Feature", "properties": {"DisplayName": "Thomason Tire", "Facility": "Thomason Tire", "LotNumber": "B09", "LotName": null, "LotOwner": "", "LotType": "private off-street", "Type": "Private - Off Street", "Sector": "B", "Quadrant": "B", "StudyRing": "Outer", "Capacity": 9, "CurrentPar": 10, "Notes": null, "STREETNAME": "HERNDON"}, "geometry": {"type": "Polygon", "coordinates": [[[-96.61224623199996, 33.198657773000036], [-96.61224559299995, 33.19873175300006], [-96.61268607399995, 33.19873444500007], [-96.61268671299996, 33.198660465000046], [-96.61224623199996, 33.198657773000036]]]}}, {"type": "Feature", "properties": {"DisplayName": "Koji", "Facility": "Koji", "LotNumber": "B26", "LotName": null, "LotOwner": "", "LotType": "private off-street", "Type": "Private - Off Street", "Sector": "B", "Quadrant": "B", "StudyRing": "Outer", "Capacity": 32, "CurrentPar": 36, "Notes": "Tree Occlusion Southernmost Spots", "STREETNAME": "VIRGINIA"}, "geometry": {"type": "Polygon", "coordinates": [[[-96.61254589399994, 33.197349675000055], [-96.61246499799995, 33.19788439400003], [-96.61246424899997, 33.19788934600007], [-96.61268272699999, 33.19789068100005], [-96.61268277299996, 33.19788533600007], [-96.61268296399999, 33.197863245000065], [-96.61268739399998, 33.19735053900007], [-96.61254589399994, 33.197349675000055]]]}}, {"type": "Feature", "properties": {"DisplayName": "225 E Virginia", "Facility": "225 E Virginia", "LotNumber": "B13", "LotName": null, "LotOwner": "", "LotType": "private off-street", "Type": "Private - Off Street", "Sector": "B", "Quadrant": "B", "StudyRing": "Mid", "Capacity": 42, "CurrentPar": 42, "Notes": "Building Occlusion Western Row", "STREETNAME": "JOHNSON"}, "geometry": {"type": "Polygon", "coordinates": [[[-96.61417137899997, 33.198593481000046], [-96.61417599499998, 33.19805829400008], [-96.61383417999997, 33.19805621000006], [-96.61383144599995, 33.19837312900006], [-96.61392740199994, 33.198373713000024], [-96.61392551899996, 33.198591984000075], [-96.61417137899997, 33.198593481000046]]]}}, {"type": "Feature", "properties": {"DisplayName": "Doug & Lynda's Ski Shop", "Facility": "Doug & Lynda's Ski Shop", "LotNumber": "B23", "LotName": null, "LotOwner": "", "LotType": "private off-street", "Type": "Private - Off Street", "Sector": "B", "Quadrant": "B", "StudyRing": "Mid", "Capacity": 17, "CurrentPar": 17, "Notes": null, "STREETNAME": "CHESTNUT"}, "geometry": {"type": "Polygon", "coordinates": [[[-96.61374259399997, 33.19789457400003], [-96.61374701399996, 33.19764345100003], [-96.61353311799996, 33.197641014000055], [-96.61352400199996, 33.19789127300004], [-96.61374259399997, 33.19789457400003]]]}}, {"type": "Feature", "properties": {"DisplayName": "225 E Virginia", "Facility": "225 E Virginia", "LotNumber": "B10", "LotName": null, "LotOwner": "", "LotType": "private off-street", "Type": "Private - Off Street", "Sector": "B", "Quadrant": "B", "StudyRing": "Mid", "Capacity": 14, "CurrentPar": 13, "Notes": null, "STREETNAME": "HERNDON"}, "geometry": {"type": "Polygon", "coordinates": [[[-96.61355067799997, 33.19858168800005], [-96.61357012599996, 33.19858180700004], [-96.61357328499997, 33.19821582000003], [-96.61356525299999, 33.19821618100008], [-96.61356324199994, 33.19806537300008], [-96.61355410699997, 33.19806531800003], [-96.61355411099998, 33.19806467600006], [-96.61354151999996, 33.19806524100005], [-96.61353055099994, 33.19806517400008], [-96.61351420499994, 33.198065074000056], [-96.61349785799996, 33.19806497400003], [-96.61349656499999, 33.19821484000005], [-96.61351389399994, 33.198214945000075], [-96.61351073099996, 33.19858144500006], [-96.61355067799997, 33.19858168800005]]]}}, {"type": "Feature", "properties": {"DisplayName": "Antique Mall", "Facility": "Antique Mall", "LotNumber": "B14", "LotName": null, "LotOwner": "", "LotType": "private off-street", "Type": "Private - Off Street", "Sector": "B", "Quadrant": "B", "StudyRing": "Inner", "Capacity": 10, "CurrentPar": 10, "Notes": null, "STREETNAME": "HERNDON"}, "geometry": {"type": "Polygon", "coordinates": [[[-96.61454874299994, 33.198505666000074], [-96.61453740399998, 33.198505451000074], [-96.61424969199999, 33.19850370000006], [-96.61424885999998, 33.19860012400005], [-96.61465171299994, 33.19860257500005], [-96.61465225199998, 33.19854010300003], [-96.61454845099996, 33.19853947100006], [-96.61454874299994, 33.198505666000074]]]}}, {"type": "Feature", "properties": {"DisplayName": "206 S Tennessee - S Lot", "Facility": "206 S Tennessee - S Lot", "LotNumber": "C08", "LotName": null, "LotOwner": "", "LotType": "private off-street", "Type": "Private - Off Street", "Sector": "C", "Quadrant": "C", "StudyRing": "Outer", "Capacity": 6, "CurrentPar": 6, "Notes": null, "STREETNAME": "HENRY"}, "geometry": {"type": "Polygon", "coordinates": [[[-96.61530684499996, 33.195415565000076], [-96.61530787699996, 33.195350983000026], [-96.61508770199998, 33.195348496000065], [-96.61508665299999, 33.19541416100003], [-96.61530684499996, 33.195415565000076]]]}}, {"type": "Feature", "properties": {"DisplayName": "206 S Tennessee - E Lot", "Facility": "206 S Tennessee - E Lot", "LotNumber": "C07", "LotName": null, "LotOwner": "", "LotType": "private off-street", "Type": "Private - Off Street", "Sector": "C", "Quadrant": "C", "StudyRing": "Outer", "Capacity": 4, "CurrentPar": 4, "Notes": null, "STREETNAME": "TENNESSEE"}, "geometry": {"type": "Polygon", "coordinates": [[[-96.61516442999994, 33.195621553000024], [-96.61516498799995, 33.195448655000064], [-96.61508607299999, 33.19545044300003], [-96.61508333299997, 33.19562189100003], [-96.61516442999994, 33.195621553000024]]]}}, {"type": "Feature", "properties": {"DisplayName": "105 W Davis - Big Green Egg", "Facility": "105 W Davis - Big Green Egg", "LotNumber": "C28", "LotName": null, "LotOwner": "", "LotType": "private off-street", "Type": "Private - Off Street", "Sector": "C", "Quadrant": "C", "StudyRing": "Outer", "Capacity": 9, "CurrentPar": 6, "Notes": null, "STREETNAME": "WOOD"}, "geometry": {"type": "Polygon", "coordinates": [[[-96.61637742799996, 33.195743579000066], [-96.61638375299998, 33.19584628500007], [-96.61659087699996, 33.19584821500007], [-96.61659112299998, 33.19574317200005], [-96.61637742799996, 33.195743579000066]]]}}, {"type": "Feature", "properties": {"DisplayName": "206 S Kentucky - Rear Lot", "Facility": "206 S Kentucky - Rear Lot", "LotNumber": "C14", "LotName": null, "LotOwner": "", "LotType": "private off-street", "Type": "Private - Off Street", "Sector": "C", "Quadrant": "C", "StudyRing": "Outer", "Capacity": 24, "CurrentPar": 25, "Notes": "Tree Occlusion", "STREETNAME": "HENRY"}, "geometry": {"type": "Polygon", "coordinates": [[[-96.61657155399996, 33.19561026300005], [-96.61656959099997, 33.19538375900004], [-96.61619498299996, 33.19538169000003], [-96.61619015199994, 33.19560815700004], [-96.61657155399996, 33.19561026300005]]]}}, {"type": "Feature", "properties": {"DisplayName": "Longhorn Office", "Facility": "Longhorn Office", "LotNumber": "C15", "LotName": "Longhorn", "LotOwner": "", "LotType": "private off-street", "Type": "Private - Off Street", "Sector": "C", "Quadrant": "C", "StudyRing": "Outer", "Capacity": 6, "CurrentPar": 6, "Notes": "Tree Occlusion Eastern Spots", "STREETNAME": "DAVIS"}, "geometry": {"type": "Polygon", "coordinates": [[[-96.61597687599999, 33.19576020900007], [-96.61597724499995, 33.19587595000007], [-96.61629246899997, 33.19587523800004], [-96.61629209899996, 33.19575949700004], [-96.61597687599999, 33.19576020900007]]]}}, {"type": "Feature", "properties": {"DisplayName": "GracePoint Fellowship South", "Facility": "GracePoint Fellowship South", "LotNumber": "C41", "LotName": null, "LotOwner": "", "LotType": "private off-street", "Type": "Private - Off Street", "Sector": "C", "Quadrant": "C", "StudyRing": "Outer", "Capacity": 44, "CurrentPar": 0, "Notes": null, "STREETNAME": "HENRY"}, "geometry": {"type": "Polygon", "coordinates": [[[-96.61719832499995, 33.19550085800006], [-96.61719621799995, 33.19535051400004], [-96.61667433399998, 33.19535139200008], [-96.61667348199995, 33.195501740000054], [-96.61719832499995, 33.19550085800006]]]}}, {"type": "Feature", "properties": {"DisplayName": "Fearless House Church", "Facility": "Fearless House Church", "LotNumber": "C42", "LotName": null, "LotOwner": "", "LotType": "private off-street", "Type": "Private - Off Street", "Sector": "C", "Quadrant": "C", "StudyRing": "Outer", "Capacity": 44, "CurrentPar": 0, "Notes": null, "STREETNAME": "HENRY"}, "geometry": {"type": "Polygon", "coordinates": [[[-96.61750984399998, 33.195399648000034], [-96.61751177699995, 33.195636200000024], [-96.61781007399998, 33.195633918000055], [-96.61780407699996, 33.19539539700003], [-96.61750984399998, 33.195399648000034]]]}}, {"type": "Feature", "properties": {"DisplayName": "The Yard", "Facility": "The Yard", "LotNumber": "C29", "LotName": null, "LotOwner": "", "LotType": "private off-street", "Type": "Private - Off Street", "Sector": "C", "Quadrant": "C", "StudyRing": "Mid", "Capacity": 16, "CurrentPar": 15, "Notes": null, "STREETNAME": "CHURCH"}, "geometry": {"type": "Polygon", "coordinates": [[[-96.61730930999994, 33.19602257200006], [-96.61725758199998, 33.19602313900003], [-96.61698850799996, 33.19602609000003], [-96.61698326899995, 33.196271799000044], [-96.61731952499997, 33.19627567300006], [-96.61732365199998, 33.196022414000026], [-96.61730930999994, 33.19602257200006]]]}}, {"type": "Feature", "properties": {"DisplayName": "130 S Kentucky - Law Offices", "Facility": "130 S Kentucky - Law Offices", "LotNumber": "C17", "LotName": null, "LotOwner": "", "LotType": "private off-street", "Type": "Private - Off Street", "Sector": "C", "Quadrant": "C", "StudyRing": "Mid", "Capacity": 5, "CurrentPar": 4, "Notes": null, "STREETNAME": "DAVIS"}, "geometry": {"type": "Polygon", "coordinates": [[[-96.61631590199994, 33.19614674600007], [-96.61631750699996, 33.19601041000004], [-96.61619208399998, 33.19601207300008], [-96.61619048099999, 33.196148408000056], [-96.61631590199994, 33.19614674600007]]]}}, {"type": "Feature", "properties": {"DisplayName": "McKinney Office Supply - Private Lot", "Facility": "McKinney Office Supply - Private Lot", "LotNumber": "C25", "LotName": null, "LotOwner": "", "LotType": "private off-street", "Type": "Private - Off Street", "Sector": "C", "Quadrant": "C", "StudyRing": "Inner", "Capacity": 12, "CurrentPar": 13, "Notes": null, "STREETNAME": "WOOD"}, "geometry": {"type": "Polygon", "coordinates": [[[-96.61622509099999, 33.196903156000076], [-96.61659379599996, 33.19690499100005], [-96.61659518599998, 33.19675111600003], [-96.61622560399996, 33.19675270300007], [-96.61622509099999, 33.196903156000076]]]}}, {"type": "Feature", "properties": {"DisplayName": "201 W Louisiana - Private Lot", "Facility": "201 W Louisiana - Private Lot", "LotNumber": "C24", "LotName": null, "LotOwner": "", "LotType": "private off-street", "Type": "Private - Off Street", "Sector": "C", "Quadrant": "C", "StudyRing": "Mid", "Capacity": 25, "CurrentPar": 26, "Notes": null, "STREETNAME": "CLOYD"}, "geometry": {"type": "Polygon", "coordinates": [[[-96.61701615299995, 33.19660287000005], [-96.61664920299995, 33.19660653400007], [-96.61665213799995, 33.19691987400006], [-96.61682699299996, 33.19691812800005], [-96.61682537399997, 33.19674538700008], [-96.61682447899994, 33.19664973300007], [-96.61701657499998, 33.19664781500006], [-96.61701650899994, 33.196640872000046], [-96.61701715299995, 33.19664084800007], [-96.61701615299995, 33.19660287000005]]]}}, {"type": "Feature", "properties": {"DisplayName": "106 S Church Street Offices", "Facility": "106 S Church Street Offices", "LotNumber": "C37", "LotName": null, "LotOwner": "", "LotType": "private off-street", "Type": "Private - Off Street", "Sector": "C", "Quadrant": "C", "StudyRing": "Outer", "Capacity": 5, "CurrentPar": 4, "Notes": null, "STREETNAME": "CHURCH"}, "geometry": {"type": "Polygon", "coordinates": [[[-96.61745686999996, 33.19674056100007], [-96.61745227699998, 33.19680143800008], [-96.61772503299994, 33.19680032300005], [-96.61772462699997, 33.196739466000054], [-96.61745686999996, 33.19674056100007]]]}}, {"type": "Feature", "properties": {"DisplayName": "Baron's Creek", "Facility": "Baron's Creek", "LotNumber": "C38", "LotName": null, "LotOwner": "", "LotType": "private off-street", "Type": "Private - Off Street", "Sector": "C", "Quadrant": "C", "StudyRing": "Outer", "Capacity": 10, "CurrentPar": 7, "Notes": null, "STREETNAME": "CHURCH"}, "geometry": {"type": "Polygon", "coordinates": [[[-96.61778052699998, 33.19691463800007], [-96.61778374999994, 33.196829973000035], [-96.61744885999997, 33.19682850700008], [-96.61744561099994, 33.196914364000065], [-96.61778052699998, 33.19691463800007]]]}}, {"type": "Feature", "properties": {"DisplayName": "105 S Benge Medical Office", "Facility": "105 S Benge Medical Office", "LotNumber": "C35", "LotName": null, "LotOwner": "", "LotType": "private off-street", "Type": "Private - Off Street", "Sector": "C", "Quadrant": "C", "StudyRing": "Outer", "Capacity": 7, "CurrentPar": 5, "Notes": null, "STREETNAME": "CLOYD"}, "geometry": {"type": "Polygon", "coordinates": [[[-96.61808174199996, 33.196646153000074], [-96.61808153999999, 33.196601662000035], [-96.61780110599994, 33.19660279000004], [-96.61780128499998, 33.19664765500005], [-96.61808174199996, 33.196646153000074]]]}}, {"type": "Feature", "properties": {"DisplayName": "The Parks Church - N Lot", "Facility": "The Parks Church - N Lot", "LotNumber": "C03", "LotName": null, "LotOwner": "", "LotType": "private off-street", "Type": "Private - Off Street", "Sector": "C", "Quadrant": "C", "StudyRing": "Mid", "Capacity": 16, "CurrentPar": 15, "Notes": "is this 16 spots?", "STREETNAME": "CLOYD"}, "geometry": {"type": "Polygon", "coordinates": [[[-96.61509873099999, 33.19639207400007], [-96.61509965899995, 33.19656493900004], [-96.61537625999995, 33.19656379200006], [-96.61537533299997, 33.196391024000036], [-96.61509873099999, 33.19639207400007]]]}}, {"type": "Feature", "properties": {"DisplayName": "The Parks Church - S Lot", "Facility": "The Parks Church - S Lot", "LotNumber": "C04", "LotName": null, "LotOwner": "", "LotType": "private off-street", "Type": "Private - Off Street", "Sector": "C", "Quadrant": "C", "StudyRing": "Mid", "Capacity": 18, "CurrentPar": 15, "Notes": null, "STREETNAME": "TENNESSEE"}, "geometry": {"type": "Polygon", "coordinates": [[[-96.61511215899998, 33.19621017700007], [-96.61511310499998, 33.196370709000064], [-96.61540845799999, 33.19636958900003], [-96.61540759599995, 33.19620894600007], [-96.61511215899998, 33.19621017700007]]]}}, {"type": "Feature", "properties": {"DisplayName": "CASA", "Facility": "CASA", "LotNumber": "C16", "LotName": null, "LotOwner": "", "LotType": "private off-street", "Type": "Private - Off Street", "Sector": "C", "Quadrant": "C", "StudyRing": "Mid", "Capacity": 21, "CurrentPar": 21, "Notes": null, "STREETNAME": "DAVIS"}, "geometry": {"type": "Polygon", "coordinates": [[[-96.61550331299998, 33.196035436000045], [-96.61549203899995, 33.19603691700007], [-96.61549007099995, 33.19611709000003], [-96.61543799399999, 33.19611724300006], [-96.61543859799997, 33.19633055400004], [-96.61575360999996, 33.19632935900006], [-96.61575202699998, 33.196034492000024], [-96.61550331299998, 33.196035436000045]]]}}, {"type": "Feature", "properties": {"DisplayName": "S Johnson/E Cloyd Permit Lot", "Facility": "S Johnson/E Cloyd Permit Lot", "LotNumber": "D14", "LotName": null, "LotOwner": "", "LotType": "private off-street", "Type": "Private - Off Street", "Sector": "D", "Quadrant": "D", "StudyRing": "Inner", "Capacity": 12, "CurrentPar": 13, "Notes": null, "STREETNAME": "JOHNSON"}, "geometry": {"type": "Polygon", "coordinates": [[[-96.61441739799994, 33.196837103000064], [-96.61441554799995, 33.19663048500007], [-96.61422420399998, 33.19663121200006], [-96.61422542699995, 33.196841590000076], [-96.61441739799994, 33.196837103000064]]]}}, {"type": "Feature", "properties": {"DisplayName": "101 - 113 S Chestnut Businesses", "Facility": "101 - 113 S Chestnut Businesses", "LotNumber": "D04", "LotName": null, "LotOwner": "", "LotType": "private off-street", "Type": "Private - Off Street", "Sector": "D", "Quadrant": "D", "StudyRing": "Outer", "Capacity": 10, "CurrentPar": 15, "Notes": null, "STREETNAME": "CHESTNUT"}, "geometry": {"type": "Polygon", "coordinates": [[[-96.61333157899998, 33.19673551300008], [-96.61332577799999, 33.19713990300005], [-96.61337481599998, 33.197139718000074], [-96.61338061799995, 33.196735328000045], [-96.61333157899998, 33.19673551300008]]]}}, {"type": "Feature", "properties": {"DisplayName": "N Wood St Private Lots", "Facility": "N Wood St Private Lots", "LotNumber": "A53", "LotName": null, "LotOwner": "", "LotType": "private off-street", "Type": "Private - Off Street", "Sector": "A", "Quadrant": "A", "StudyRing": "Mid", "Capacity": 9, "CurrentPar": 9, "Notes": null, "STREETNAME": "WOOD"}, "geometry": {"type": "Polygon", "coordinates": [[[-96.61685285299995, 33.19761431300003], [-96.61667307599998, 33.19761355300005], [-96.61667241199996, 33.197724633000064], [-96.61686679099995, 33.19772545400008], [-96.61686745499998, 33.19761437400007], [-96.61685285299995, 33.19761431300003]]]}}, {"type": "Feature", "properties": {"DisplayName": "Harris Bldg", "Facility": "Harris Bldg", "LotNumber": "A50", "LotName": null, "LotOwner": null, "LotType": "private off-street", "Type": "Private - Off Street", "Sector": "A", "Quadrant": "A", "StudyRing": "Mid", "Capacity": 5, "CurrentPar": 5, "Notes": null, "STREETNAME": "WOOD"}, "geometry": {"type": "Polygon", "coordinates": [[[-96.61668525699997, 33.197338355000056], [-96.61666891099998, 33.19733836800003], [-96.61666502099996, 33.19752080100005], [-96.61671405899995, 33.197520765000036], [-96.61671794999995, 33.197338331000026], [-96.61668525699997, 33.197338355000056]]]}}, {"type": "Feature", "properties": {"DisplayName": "Enxchange", "Facility": "Enxchange", "LotNumber": "A25", "LotName": null, "LotOwner": "McKinney Chamber of Commerce", "LotType": "private off-street", "Type": "Private - Off Street", "Sector": "A", "Quadrant": "A", "StudyRing": "Outer", "Capacity": 2, "CurrentPar": 4, "Notes": "Motor Court Awning Occlusion", "STREETNAME": "BENGE"}, "geometry": {"type": "Polygon", "coordinates": [[[-96.61826353999999, 33.19806448300005], [-96.61825883799997, 33.19828514400007], [-96.61831718699995, 33.198286017000044], [-96.61832186199996, 33.19806535600003], [-96.61826353999999, 33.19806448300005]]]}}, {"type": "Feature", "properties": {"DisplayName": "A08 TENNESSEE Public - On Street", "Facility": "", "LotNumber": "A08", "LotName": null, "LotOwner": null, "LotType": "on-street", "Type": "Public - On Street", "Sector": "A", "Quadrant": "A", "StudyRing": "Mid", "Capacity": 4, "CurrentPar": 4, "Notes": null, "STREETNAME": "TENNESSEE"}, "geometry": {"type": "Polygon", "coordinates": [[[-96.61503614899999, 33.19873493500006], [-96.61503321799995, 33.19895204300008], [-96.61506591099999, 33.19895194500003], [-96.61506884199997, 33.19873483600003], [-96.61503614899999, 33.19873493500006]]]}}, {"type": "Feature", "properties": {"DisplayName": "A10 KENTUCKY Public - On Street", "Facility": "", "LotNumber": "A10", "LotName": null, "LotOwner": null, "LotType": "on-street", "Type": "Public - On Street", "Sector": "A", "Quadrant": "A", "StudyRing": "Mid", "Capacity": 2, "CurrentPar": 2, "Notes": null, "STREETNAME": "KENTUCKY"}, "geometry": {"type": "Polygon", "coordinates": [[[-96.61578531599997, 33.19870876900006], [-96.61578509099996, 33.19882569400005], [-96.61581778399994, 33.19882559500007], [-96.61581800799996, 33.19870867000003], [-96.61578531599997, 33.19870876900006]]]}}, {"type": "Feature", "properties": {"DisplayName": "A07 HUNT Public - On Street", "Facility": "", "LotNumber": "A07", "LotName": null, "LotOwner": null, "LotType": "on-street", "Type": "Public - On Street", "Sector": "A", "Quadrant": "A", "StudyRing": "Mid", "Capacity": 7, "CurrentPar": 7, "Notes": null, "STREETNAME": "HUNT"}, "geometry": {"type": "Polygon", "coordinates": [[[-96.61512468599994, 33.19920066200007], [-96.61512480299996, 33.19922814800003], [-96.61524711499999, 33.19922774400004], [-96.61569592799998, 33.199226262000025], [-96.61569581099997, 33.19919877700005], [-96.61512468599994, 33.19920066200007]]]}}, {"type": "Feature", "properties": {"DisplayName": "AT&T Lot", "Facility": "AT&T Lot", "LotNumber": "A03", "LotName": null, "LotOwner": null, "LotType": "private off-street", "Type": "Private - Off Street", "Sector": "A", "Quadrant": "A", "StudyRing": "Outer", "Capacity": 7, "CurrentPar": 7, "Notes": null, "STREETNAME": "LOGAN"}, "geometry": {"type": "Polygon", "coordinates": [[[-96.61601237299999, 33.19991647100005], [-96.61601244099995, 33.19994395600003], [-96.61652252399995, 33.19994305600005], [-96.61652245599998, 33.19991557000003], [-96.61601237299999, 33.19991647100005]]]}}, {"type": "Feature", "properties": {"DisplayName": "City Hall Lot (Old)", "Facility": "City Hall Lot (Old)", "LotNumber": "B16", "LotName": null, "LotOwner": null, "LotType": "public off-street", "Type": "Public - Off Street", "Sector": "B", "Quadrant": "B", "StudyRing": "Mid", "Capacity": 7, "CurrentPar": 7, "Notes": null, "STREETNAME": "HERNDON"}, "geometry": {"type": "Polygon", "coordinates": [[[-96.61441518999999, 33.198663829000054], [-96.61441450599995, 33.19871187600006], [-96.61464976499997, 33.198711168000045], [-96.61469202999996, 33.19866299700004], [-96.61441518999999, 33.198663829000054]]]}}, {"type": "Feature", "properties": {"DisplayName": "B17 TENNESSEE Public - On Street", "Facility": "", "LotNumber": "B17", "LotName": null, "LotOwner": null, "LotType": "on-street", "Type": "Public - On Street", "Sector": "B", "Quadrant": "B", "StudyRing": "Mid", "Capacity": 5, "CurrentPar": 5, "Notes": null, "STREETNAME": "TENNESSEE"}, "geometry": {"type": "Polygon", "coordinates": [[[-96.61493122399997, 33.198716250000075], [-96.61493249899996, 33.199015512000074], [-96.61496519099995, 33.19901571100007], [-96.61496391599997, 33.19871645000006], [-96.61496018099996, 33.19871642700008], [-96.61496019599997, 33.19871525600007], [-96.61493122399997, 33.198716250000075]]]}}, {"type": "Feature", "properties": {"DisplayName": "Hamm's", "Facility": "Hamm's", "LotNumber": "C40", "LotName": "Jose's Hamm's Lot", "LotOwner": "Jose Hamm", "LotType": "private off-street", "Type": "Private - Off Street", "Sector": "C", "Quadrant": "C", "StudyRing": "Outer", "Capacity": 8, "CurrentPar": 7, "Notes": null, "STREETNAME": "BENGE"}, "geometry": {"type": "Polygon", "coordinates": [[[-96.61798378799995, 33.19713661900005], [-96.61809499499998, 33.19713924800004], [-96.61809030599994, 33.196914924000055], [-96.61798869699999, 33.196910107000065], [-96.61798378799995, 33.19713661900005]]]}}, {"type": "Feature", "properties": {"DisplayName": "GracePoint Fellowship", "Facility": "GracePoint Fellowship", "LotNumber": "C30", "LotName": null, "LotOwner": null, "LotType": "private off-street", "Type": "Private - Off Street", "Sector": "C", "Quadrant": "C", "StudyRing": "Outer", "Capacity": 13, "CurrentPar": 8, "Notes": "Tree Occlusion Northern Spots", "STREETNAME": "CHURCH"}, "geometry": {"type": "Polygon", "coordinates": [[[-96.61728463399999, 33.19587157300003], [-96.61735267099999, 33.19587546100007], [-96.61734916299997, 33.19564059600003], [-96.61728114999994, 33.195638271000064], [-96.61728463399999, 33.19587157300003]]]}}, {"type": "Feature", "properties": {"DisplayName": "207 Davis Private Lot", "Facility": "207 Davis Private Lot", "LotNumber": "D19", "LotName": null, "LotOwner": null, "LotType": "private off-street", "Type": "Private - Off Street", "Sector": "D", "Quadrant": "D", "StudyRing": "Mid", "Capacity": 24, "CurrentPar": 11, "Notes": "Tree Occlusion Northernmost 2 Spots", "STREETNAME": "JOHNSON"}, "geometry": {"type": "Polygon", "coordinates": [[[-96.61441861799995, 33.19628357300007], [-96.61441545399998, 33.19603296400004], [-96.61425650999996, 33.19603295200005], [-96.61424685399999, 33.19628575400003], [-96.61441861799995, 33.19628357300007]]]}}, {"type": "Feature", "properties": {"DisplayName": "Davis - Leasing Center", "Facility": "Davis - Leasing Center", "LotNumber": "D32", "LotName": null, "LotOwner": null, "LotType": "private off-street", "Type": "Private - Off Street", "Sector": "D", "Quadrant": "D", "StudyRing": "Outer", "Capacity": 4, "CurrentPar": 4, "Notes": null, "STREETNAME": "DAVIS"}, "geometry": {"type": "Polygon", "coordinates": [[[-96.61359368599994, 33.195875245000025], [-96.61359514599997, 33.19592540300005], [-96.61363577599997, 33.19592456700008], [-96.61369399699998, 33.19592336900007], [-96.61371727199997, 33.195922891000066], [-96.61371700399997, 33.195872708000024], [-96.61359368599994, 33.195875245000025]]]}}, {"type": "Feature", "properties": {"DisplayName": "131 S Chestnut - McKinney Building Maintenance", "Facility": "131 S Chestnut - McKinney Building Maintenance", "LotNumber": "D10", "LotName": null, "LotOwner": null, "LotType": "private off-street", "Type": "Private - Off Street", "Sector": "D", "Quadrant": "D", "StudyRing": "Outer", "Capacity": 10, "CurrentPar": 9, "Notes": null, "STREETNAME": "CLOYD"}, "geometry": {"type": "Polygon", "coordinates": [[[-96.61326919099997, 33.19626699100007], [-96.61327053899998, 33.19651906400003], [-96.61335198599994, 33.196518756000046], [-96.61335259099997, 33.19626544600004], [-96.61326919099997, 33.19626699100007]]]}}, {"type": "Feature", "properties": {"DisplayName": "Surrey House", "Facility": "Surrey House", "LotNumber": "C09", "LotName": "Surrey House", "LotOwner": "Surrey House", "LotType": "private off-street", "Type": "Private - Off Street", "Sector": "C", "Quadrant": "C", "StudyRing": "Outer", "Capacity": 30, "CurrentPar": 27, "Notes": null, "STREETNAME": "TENNESSEE"}, "geometry": {"type": "Polygon", "coordinates": [[[-96.61516789899997, 33.19443076400006], [-96.61516654099995, 33.19443980500006], [-96.61567033999995, 33.19445384100004], [-96.61567056899997, 33.19443914300007], [-96.61567171299998, 33.19436569800007], [-96.61567305599999, 33.19427957900007], [-96.61519643799994, 33.19426630000004], [-96.61519260599994, 33.19426619400008], [-96.61518534999999, 33.19431452500004], [-96.61516789899997, 33.19443076400006]]]}}, {"type": "Feature", "properties": {"DisplayName": "Harrison, Hull, & Mum Law Offices", "Facility": "Harrison, Hull, & Mum Law Offices", "LotNumber": "A35", "LotName": null, "LotOwner": "", "LotType": "private off-street", "Type": "Private - Off Street", "Sector": "A", "Quadrant": "A", "StudyRing": "Inner", "Capacity": 8, "CurrentPar": 9, "Notes": null, "STREETNAME": "HERNDON"}, "geometry": {"type": "Polygon", "coordinates": [[[-96.61640833999996, 33.19833142600004], [-96.61631621799995, 33.198331351000036], [-96.61631371699997, 33.19843988900004], [-96.61631013499999, 33.19859532100003], [-96.61640225599996, 33.19859539600003], [-96.61640833999996, 33.19833142600004]]]}}, {"type": "Feature", "properties": {"DisplayName": "C42 DAVIS Private - Off Street", "Facility": null, "LotNumber": "C42", "LotName": null, "LotOwner": null, "LotType": null, "Type": "Private - Off Street", "Sector": "C", "Quadrant": null, "StudyRing": null, "Capacity": 44, "CurrentPar": null, "Notes": "C42_Fearless_House_Church.json", "STREETNAME": "DAVIS"}, "geometry": {"type": "Polygon", "coordinates": [[[-96.61791875799997, 33.195987890000026], [-96.61749369399996, 33.195990778000066], [-96.61746088399997, 33.19601860500006], [-96.61746037799998, 33.196265539000024], [-96.61791884699994, 33.19626233300005], [-96.61791875799997, 33.195987890000026]]]}}, {"type": "Feature", "properties": {"DisplayName": "Flour Mill Event Venue", "Facility": "Flour Mill Event Venue", "LotNumber": "E04", "LotName": null, "LotOwner": null, "LotType": null, "Type": "Private - Off Street", "Sector": "E", "Quadrant": null, "StudyRing": null, "Capacity": 33, "CurrentPar": null, "Notes": "E04_Flour_Mill_Event_Venue.json", "STREETNAME": "VIRGINIA"}, "geometry": {"type": "Polygon", "coordinates": [[[-96.60958685799994, 33.19789020600007], [-96.60958385199996, 33.19764988600008], [-96.60951035599999, 33.19765046900005], [-96.60950714999996, 33.19759103800004], [-96.60916214699995, 33.19758784000004], [-96.60915996199998, 33.19789151800006], [-96.60958685799994, 33.19789020600007]]]}}, {"type": "Feature", "properties": {"DisplayName": "MacTown Smoke", "Facility": "MacTown Smoke", "LotNumber": "E06", "LotName": null, "LotOwner": null, "LotType": null, "Type": "Private - Off Street", "Sector": "E", "Quadrant": null, "StudyRing": null, "Capacity": 5, "CurrentPar": null, "Notes": "E06_MacTown_Smoke.json", "STREETNAME": "VIRGINIA"}, "geometry": {"type": "Polygon", "coordinates": [[[-96.61192031499996, 33.19779525700005], [-96.61191651499996, 33.19789028300005], [-96.61209285499996, 33.19789264900004], [-96.61214317999998, 33.19785975000008], [-96.61218903199995, 33.19765035900008], [-96.61209283699998, 33.19764927600005], [-96.61204872199994, 33.19781794900007], [-96.61192031499996, 33.19779525700005]]]}}, {"type": "Feature", "properties": {"DisplayName": "Hugs", "Facility": "Hugs", "LotNumber": "F01", "LotName": null, "LotOwner": null, "LotType": null, "Type": "Private - Off Street", "Sector": "F", "Quadrant": null, "StudyRing": null, "Capacity": 42, "CurrentPar": null, "Notes": "F01_Hugs.json", "STREETNAME": "ANDREWS"}, "geometry": {"type": "Polygon", "coordinates": [[[-96.60924021299996, 33.195720804000075], [-96.60924451999995, 33.19551962000003], [-96.60871733699997, 33.19550239100005], [-96.60872557899995, 33.19527660500006], [-96.60851182499994, 33.19526832100007], [-96.60851452799994, 33.19570982100004], [-96.60924021299996, 33.195720804000075]]]}}, {"type": "Feature", "properties": {"DisplayName": "Andrews On Street", "Facility": "Andrews On Street", "LotNumber": "F02", "LotName": null, "LotOwner": null, "LotType": null, "Type": "Public - On Street", "Sector": "F", "Quadrant": null, "StudyRing": null, "Capacity": 7, "CurrentPar": null, "Notes": "F02_Andrews_On_Street.json", "STREETNAME": "ANDREWS"}, "geometry": {"type": "Polygon", "coordinates": [[[-96.60934516099996, 33.19534878400003], [-96.60931591799994, 33.19586205100006], [-96.60934597799996, 33.19584347700004], [-96.60937481899998, 33.195375236000075], [-96.60934516099996, 33.19534878400003]]]}}, {"type": "Feature", "properties": {"DisplayName": "Texas Laser", "Facility": "Texas Laser", "LotNumber": "F04", "LotName": null, "LotOwner": null, "LotType": null, "Type": "Private - Off Street", "Sector": "F", "Quadrant": null, "StudyRing": null, "Capacity": 2, "CurrentPar": null, "Notes": "F04_Texas_Laser.json", "STREETNAME": "WOLFE"}, "geometry": {"type": "Polygon", "coordinates": [[[-96.61109486299995, 33.19416318000003], [-96.61119053399995, 33.194161758000064], [-96.61118912899997, 33.194095547000074], [-96.61109693799995, 33.19409815100005], [-96.61109486299995, 33.19416318000003]]]}}, {"type": "Feature", "properties": {"DisplayName": "New Life Medical Equipment", "Facility": "New Life Medical Equipment", "LotNumber": "F05", "LotName": null, "LotOwner": null, "LotType": null, "Type": "Private - Off Street", "Sector": "F", "Quadrant": null, "StudyRing": null, "Capacity": 3, "CurrentPar": null, "Notes": "F05_New_Life_Medical_Equipment.json", "STREETNAME": "ANTHONY"}, "geometry": {"type": "Polygon", "coordinates": [[[-96.61162885499999, 33.194120862000034], [-96.61162644499996, 33.19422341400008], [-96.61179605299998, 33.194228226000064], [-96.61180108899998, 33.194166342000074], [-96.61176411999998, 33.19412170700008], [-96.61162885499999, 33.194120862000034]]]}}, {"type": "Feature", "properties": {"DisplayName": "307 S McDonald Office Plaza", "Facility": "307 S McDonald Office Plaza", "LotNumber": "F06", "LotName": null, "LotOwner": null, "LotType": null, "Type": "Private - Off Street", "Sector": "F", "Quadrant": null, "StudyRing": null, "Capacity": 30, "CurrentPar": null, "Notes": "F06_307_S_McDonald_Office_Plaza.json", "STREETNAME": "ANTHONY"}, "geometry": {"type": "Polygon", "coordinates": [[[-96.61226932499994, 33.19408543800006], [-96.61226391899999, 33.194133030000046], [-96.61220784299996, 33.194135807000066], [-96.61220447699998, 33.194233766000025], [-96.61229167399995, 33.19423326800006], [-96.61225681499997, 33.19464998600006], [-96.61219081199994, 33.19464853200003], [-96.61218735299997, 33.19481432600003], [-96.61239252899998, 33.19481732300005], [-96.61243243999996, 33.19408705800004], [-96.61226932499994, 33.19408543800006]]]}}, {"type": "Feature", "properties": {"DisplayName": "Performance Painting", "Facility": "Performance Painting", "LotNumber": "F07", "LotName": null, "LotOwner": null, "LotType": null, "Type": "Private - Off Street", "Sector": "F", "Quadrant": null, "StudyRing": null, "Capacity": 16, "CurrentPar": null, "Notes": "F07_Performance_Painting.json", "STREETNAME": "WILCOX"}, "geometry": {"type": "Polygon", "coordinates": [[[-96.61204521499997, 33.194826086000035], [-96.61204209899995, 33.19499676600003], [-96.61231256499997, 33.19499097000005], [-96.61231620999996, 33.19481620800008], [-96.61204534099994, 33.19481920800007], [-96.61204521499997, 33.194826086000035]]]}}, {"type": "Feature", "properties": {"DisplayName": "Collin Square", "Facility": "Collin Square", "LotNumber": "F08", "LotName": null, "LotOwner": null, "LotType": null, "Type": "Private - Off Street", "Sector": "F", "Quadrant": null, "StudyRing": null, "Capacity": 17, "CurrentPar": null, "Notes": "F08_Collin_Square.json", "STREETNAME": "DAVIS"}, "geometry": {"type": "Polygon", "coordinates": [[[-96.61217385199996, 33.19554370900005], [-96.61203656099997, 33.19554398500003], [-96.61203374199994, 33.195946709000054], [-96.61228632399997, 33.195949538000036], [-96.61228682099994, 33.195893881000075], [-96.61211644299999, 33.19589156600006], [-96.61212037599995, 33.19570209600005], [-96.61217121099997, 33.19570053800004], [-96.61217385199996, 33.19554370900005]]]}}, {"type": "Feature", "properties": {"DisplayName": "Cookies", "Facility": "Cookies", "LotNumber": "F09", "LotName": null, "LotOwner": null, "LotType": null, "Type": "Private - Off Street", "Sector": "F", "Quadrant": null, "StudyRing": null, "Capacity": 31, "CurrentPar": null, "Notes": "F09_Cookies.json", "STREETNAME": "LOUISIANA"}, "geometry": {"type": "Polygon", "coordinates": [[[-96.61182701499996, 33.19717430400004], [-96.61185644099999, 33.196618983000064], [-96.61164901499995, 33.19661709400003], [-96.61163034899994, 33.19717208900005], [-96.61182701499996, 33.19717430400004]]]}}, {"type": "Feature", "properties": {"DisplayName": "ERide Outfitters", "Facility": "ERide Outfitters", "LotNumber": "F10", "LotName": null, "LotOwner": null, "LotType": null, "Type": "Private - Off Street", "Sector": "F", "Quadrant": null, "StudyRing": null, "Capacity": 3, "CurrentPar": null, "Notes": "F10_ERide_Outfitters.json", "STREETNAME": "LOUISIANA"}, "geometry": {"type": "Polygon", "coordinates": [[[-96.61149147899994, 33.19738115700005], [-96.61149329199998, 33.19731758800003], [-96.61131516299997, 33.19731855900005], [-96.61131462299994, 33.19737901000008], [-96.61149147899994, 33.19738115700005]]]}}, {"type": "Feature", "properties": {"DisplayName": "Local Yocal Grill", "Facility": "Local Yocal Grill", "LotNumber": "F11", "LotName": null, "LotOwner": null, "LotType": null, "Type": "Private - Off Street", "Sector": "F", "Quadrant": null, "StudyRing": null, "Capacity": 43, "CurrentPar": null, "Notes": null, "STREETNAME": "LOUISIANA"}, "geometry": {"type": "Polygon", "coordinates": [[[-96.61086216099994, 33.19716175100007], [-96.61122050899996, 33.19716175100007], [-96.61122050899996, 33.19661044800006], [-96.61086216099994, 33.19661044800006], [-96.61086216099994, 33.19716175100007]]]}}]}